START;TXNR;TXEND;CRDALD;LKUPSRC;PANSCM;CRDVAL;CRDTYP;CTYP;EMVPOS;PINENT;PINEND;TXMNU;TXSEL;TXTYP;TXID;AMTSEL;AMTDEN;AMTQCK;AMTMAN;AMTPRE;CSHINS;CSHCNT;CSHCNT_NOTES;CSHCNT_COINS;DNMLVL;CSHCTD;BKTTXT;CSHCFD;CSHBKD;TFRSTD;TFRBKD;ORGN;SCNINS;SCNPRG;SCNSHW;SCNTKN;SCNCFM;SCNCFD;SCNEND;CSHDPG;CRDSHW;CRDTKN;CSHDPD;CSHDPD_NOTES;CSHDPD_COINS;CSHOUT;CSHSHW;CSHTKN;CSHRJD;CSHRTD;DNMSEL;DOCPRG;DOCSHF;DOCEJB;DOCPRD;PGES;DOCSHW;DOCEJD;RCPPRG;RCPPRD;RCPEJD;STATE;TXTMSTMP;DPL_ENCC;DPL_DISCC;DPL_RETCC;DPL_REACC;LPL_GCCI;EPL_CHKEMV;EPL_CHKEMV_ICC_CMD_0;EPL_CHKEMV_ICC_CMD_1;EPL_CHKEMV_ICC_CMD_2;EPL_CHKEMV_ICC_CMD_3;EPL_CHKEMV_ICC_CMD_4;EPL_CHKEMV_ICC_CMD_5;EPL_CHKEMV_ICC_CMD_6;EPL_CHKEMV_ICC_CMD_7;EPL_CHKEMV_ICC_CMD_8;EPL_CHKEMV_ICC_CMD_9;EPL_CHKEMV_ICC_CMD_10;EPL_CHKEMV_ICC_CMD_11;EPL_CHKEMV_ICC_CMD_12;EPL_CHKEMV_ICC_CMD_13;EPL_CHKEMV_ICC_CMD_14;EPL_CHKEMV_ICC_CMD_15;EPL_CHKEMV_ICC_CMD_16;EPL_CHKEMV_ICC_CMD_17;EPL_CHKEMV_ICC_CMD_18;EPL_CHKEMV_ICC_CMD_19;EPL_CHKEMV_ICC_CMD_20;PF_EPL_CHKBLD;EPL_ITX;EPL_ITXAC;EPL_IAPP;EPL_IAPP_ICC_CMD_0;EPL_IAPP_ICC_CMD_1;EPL_IAPP_ICC_CMD_2;EPL_IAPP_ICC_CMD_3;EPL_IAPP_ICC_CMD_4;EPL_IAPP_ICC_CMD_5;EPL_IAPP_ICC_CMD_6;EPL_IAPP_ICC_CMD_7;EPL_IAPP_ICC_CMD_8;EPL_IAPP_ICC_CMD_9;EPL_IAPP_ICC_CMD_10;EPL_IAPP_ICC_CMD_11;EPL_IAPP_ICC_CMD_12;EPL_IAPP_ICC_CMD_13;EPL_IAPP_ICC_CMD_14;EPL_IAPP_ICC_CMD_15;EPL_IAPP_ICC_CMD_16;EPL_IAPP_ICC_CMD_17;EPL_IAPP_ICC_CMD_18;EPL_IAPP_ICC_CMD_19;EPL_IAPP_ICC_CMD_20;EPL_IAPP1;EPL_IAPP2;EPL_GPTRY;EPL_GPTRY_ICC_CMD_0;EPL_PAUT;EPL_PAUT_ICC_CMD_0;EPL_PAUTTX;EPL_PAUTCU;EPL_PAUTAL;EPL_VAUT;EPL_VAUT_ICC_CMD_0;EPL_CAUT;EPL_CAUT_ICC_CMD_0;EPL_CAUT_ICC_CMD_1;EPL_CAUT_ICC_CMD_2;EPL_CAUT_ICC_CMD_3;EPL_CAUT_ICC_CMD_4;EPL_CAUT_ICC_CMD_5;EPL_CAUT_ICC_CMD_6;EPL_GASEL;EPL_GTXLG;EPL_GTXLG_ICC_CMD_0;EPL_GTXLG_ICC_CMD_1;EPL_GTXLG_ICC_CMD_2;EPL_GTXLG_ICC_CMD_3;EPL_GTXLG_ICC_CMD_4;EPL_GTXLG_ICC_CMD_5;EPL_GTXLG_ICC_CMD_6;EPL_GTXLG_ICC_CMD_7;EPL_GTXLG_ICC_CMD_8;EPL_GTXLG_ICC_CMD_9;EPL_GTXLG_ICC_CMD_10;EPL_GAUTD;EPL_GCNFD;EPL_GKOD;EPLO_PREP;EPLO_VERY;EPLO_VERY_ICC_CMD_0;EPLO_VERY_ICC_CMD_1;EPLO_VERY_ICC_CMD_2;EPLO_VALI;EPLO_VALI_ICC_CMD_0;AT_LPL_GCCI;AT_EPL_IAPP1;AT_EPL_IAPP2;AT_EPL_CAUT;CH_LPL_GCCI;CH_EPL_IAPP1;CH_EPL_IAPP2;CH_EPL_CAUT;CH_EPLO_PREP;CH_EPLO_PREP_ICC_CMD_0;CH_EPLO_PREP_ICC_CMD_1;CH_EPLO_PREP_ICC_CMD_2;CH_EPLO_VERY;CH_EPLO_VERY_ICC_CMD_0;CH_EPLO_VERY_ICC_CMD_1;CH_EPLO_VERY_ICC_CMD_2;CH_EPLO_VALI;CH_EPLO_VALI_ICC_CMD_0;PF_LPL_GCCI;PF_LPL_GCCCL;PF_LPL_GCCCL_ICC_CMD_0;PF_LPL_GCCCL_ICC_CMD_1;PF_LPL_GCCCL_ICC_CMD_2;PF_EPL_IAPP1;PF_EPL_IAPP2;PF_EPL_CAUT;PF_EPLO_PREP;PF_EPLO_PREP_ICC_CMD_0;PF_EPLO_PREP_ICC_CMD_1;PF_EPLO_PREP_ICC_CMD_2;DE_LPL_GCCI;DE_EPL_GCL;DE_EPL_GCNFD;DE_EPL_VAUT;DE_EPL_EMTX_INIT;DE_EPL_EMTX_INIT_ICC_CMD_0;DE_EPL_EMTX_INIT_ICC_CMD_1;DE_EPL_EMTX_INIT_ICC_CMD_2;DE_EPL_EMTX_INIT_ICC_CMD_3;DE_EPL_EMTX_INIT_ICC_CMD_4;DE_EPL_EMTX_INIT_ICC_CMD_5;DE_EPL_EMTX_AUT;DE_EPL_EMTX_CHK;DE_EPL_EMTX_CHK_ICC_CMD_0;DE_EPL_EMTX_CHK_ICC_CMD_1;DE_EPL_EMTX_CHK_ICC_CMD_2;DE_EPL_EMTX_CHK_ICC_CMD_3;DE_EPL_EMTX_CHK_ICC_CMD_4;DE_EPL_EMTX_CHK_ICC_CMD_5;DE_EPL_EMTX_RST;DE_EPL_EMTX_ABT;DE_EPL_EMTX_CPLT;DE_EPL_EMTX_CPLT_ICC_CMD_0;DE_EPL_EMTX_CPLT_ICC_CMD_1;DE_EPL_EMTX_CPLT_ICC_CMD_2;DE_EPL_OAS_PRE;DE_EPL_OAS_AVL;DE_EPL_OAS_POST;DE_EPL_OAS_POST_ICC_CMD_0;DE_EPL_OAS_POST_ICC_CMD_1;DE_EPL_OAS_POST_ICC_CMD_2;DE_EPL_OAS_POST_ICC_CMD_3;DE_EPL_OAS_POST_ICC_CMD_4;DE_EPL_OAS_POST_ICC_CMD_5;DE_EPL_OAS_POSTC;DE_EPL_OAS_POSTC_ICC_CMD_0;DE_EPL_OAS_POSTC_ICC_CMD_1;DE_EPL_OAS_POSTC_ICC_CMD_2;DE_EPL_OAS_ABT;IDPL_WRT1;IDPL_WRT1_ICC_CMD_0;IDPL_WRT1_ICC_CMD_1;IDPL_WRT1_ICC_CMD_2;IDPL_WRTA;IDPL_WRTA_ICC_CMD_0;IDPL_WRTA_ICC_CMD_1;IDPL_WRTA_ICC_CMD_2;IDPL_RD1F;IDPL_RD1F_ICC_CMD_0;IDPL_RD1F_ICC_CMD_1;IDPL_RD1F_ICC_CMD_2;IDPL_RDAF;IDPL_RDAF_ICC_CMD_0;IDPL_RDAF_ICC_CMD_1;IDPL_RDAF_ICC_CMD_2;IDPL_RDHC;IDPL_RDHC_ICC_CMD_0;IDPL_RDHC_ICC_CMD_1;IDPL_RDHC_ICC_CMD_2;IDPL_RDAD;IDPL_RDAD_ICC_CMD_0;IDPL_RDAD_ICC_CMD_1;IDPL_RDAD_ICC_CMD_2;IDPL_RDAD_ICC_CMD_3;IDPL_RDAD_ICC_CMD_4;IDPL_RDAD_ICC_CMD_5;IDPL_RDAD_ICC_CMD_6;DATE_KIXC;ERROR TYPE;TX ACTION;VISIT_TMSTMP;TS_START_CUSTOMER_VISIT;TS_END_CUSTOMER_VISIT;TS_CLEANUP;TS_RESET_DEVICES;TS_READ_CARD;TS_WRITE_CARD;TS_RETURN_CARD_0;TS_RETURN_CARD_1;TS_RETURN_CARD_2;TS_RETAIN_CARD;TS_START_CASH_DEPOSIT;TS_ROLLBACK_CASH_DEPOSIT;TS_END_CASH_DEPOSIT;TS_PREPARE_ACCEPT_CASH;TS_ACCEPT_CASH;TS_PRESENT_CASH;TS_DENOMINATE_CASH;TS_DISPENSE_CASH;TS_RETAIN_CASH;TS_ACCEPT_PIN_0;TS_ACCEPT_PIN_1;TS_ACCEPT_PIN_2;TS_COMPARE_PIN;TS_EJECT_RECEIPT;TS_PRINT_RECEIPT;TS_RETAIN_RECEIPT;TS_EJECT_DOCUMENTS;TS_PRINT_DOCUMENTS;TS_RETAIN_DOCUMENTS;TS_OPEN_CLOSE_INDICATOR;TS_PRINT_JOURNAL;TS_TAKE_PICTURES;TS_PALM_VAIN;
08.06.2022 14:26:40,000;;08.06.2022 14:26:57,836;;;;;;;;;;;;;;;;;;;;;;;;;;;;;;;;;;;;;;;16287;16405;;;;;;;;;;;;;;;;;;;;NOK;;;;;;;;;;;;;;;;;;;;;;;;;;;;;;;;;;;;;;;;;;;;;;;;;;;;;;;;;;;;;;;;;;;;;;;;;;;;;;;;;;;;;;;;;;;;;;;;;;;;;;;;;;;;;;;;;;;;;;;;;;;;;;;;;;;;;;;;;;;;;;;;;;;;;;;;;;;;;;;;;;;;;;;;;;;;;;;;;;;;;;;;;;;;;;;;;08.06.2022 14:26:47,044;CONTACTLESS_COMMUNICATION_ERROR;KIXCLC_READING_AND_CHECKING_CHIP_INFORMATION;08.06.2022 14:26:41,020;6;5;;;162;;176;;;;;;;;;;;;;;;;;;;;;;;95;;;;
08.06.2022 14:26:59,000;;08.06.2022 14:27:11,412;1882;;;___N;DOMESTIC;DOMESTIC;true;;;7109;;;;;;;;;;;;;;;;;;;;;;;;;;;;;1987;7008;;;;;;;;;;;;;;;;;;;;CNCL;;;;;;;;;;;;;;;;;;;;;;;;;;;;;;;;;;;;;;;;;;;;;;;;;;;;;;;;;;;;;;;;;;;;;;;;;;;;;;;;;;;;;;;;;;;;;;;;;;;;;;;;;;;;;;;;;;;;;;;;;;;;;;;;;;;;;;;;;;;;;;;;;;;;;;;;;;;;;;;;;;;;;;;;;;;;;;;;;;;;;;;;;;;;;;;;;08.06.2022 14:27:08,357;CUSTOMER_CANCEL;CUSTOMER_SELECTING_TRANSACTION;08.06.2022 14:26:59,151;3;11;;;753;;60;;;;;;;;;;;;;;;;;;;;;;;79;;;;
08.06.2022 14:27:13,000;91;08.06.2022 14:27:46,426;4491;;;___N;DOMESTIC;DOMESTIC;true;6972;14021;5535;6608;WITHDRAWAL_NATIONAL;CashOutEmv;14527;;17472;;;;;;;;;;;;;;;;;;;;;;20166;4548;5418;26186;1;;26202;28875;31834;;;;;;;;;;;;;;OK;;;;;;;;;;;;;;;;;;;;;;;;;;;;;;;;;;;;;;;;;;;;;;;;;;;;;;;;;;;;;;;;;;;;;;;;;;;;;;;;;;;;;;;;;;;;;;;;;;;;;;;;;;;;;;;;;;;;;;;;;;;;;;;;;;;;;;;;;;;;;;;;;;;;;;;;;;;;;;;;;;;;;;;;;;;;;;;;;;;;;;;;;;;;;;;;;;;;08.06.2022 14:27:13,219;4;3;;;462;;939;22;;;;;;;;631;;981;;19;;;;;;;;;;111;;;;
08.06.2022 14:27:47,000;92;08.06.2022 14:28:05,357;1857;;;___N;DOMESTIC;DOMESTIC;true;3014;4185;2307;2748;WITHDRAWAL_NATIONAL;CashOutEmv;4654;;6153;;;;;;;;;;;;;;;;;;;;;;7949;1915;2188;11539;1;;11543;14173;17144;;;;;;;;;;;;;;OK;;;;;;;;;;;;;;;;;;;;;;;;;;;;;;;;;;;;;;;;;;;;;;;;;;;;;;;;;;;;;;;;;;;;;;;;;;;;;;;;;;;;;;;;;;;;;;;;;;;;;;;;;;;;;;;;;;;;;;;;;;;;;;;;;;;;;;;;;;;;;;;;;;;;;;;;;;;;;;;;;;;;;;;;;;;;;;;;;;;;;;;;;;;;;;;;;;;;08.06.2022 14:27:48,365;3;4;;;;;341;22;;;;;;;;600;;570;;159;;;;;;;;;;108;;;;
08.06.2022 14:28:07,000;93;08.06.2022 14:28:27,633;1667;;;___N;DOMESTIC;DOMESTIC;true;2698;4944;2293;2422;WITHDRAWAL_NATIONAL;CashOutEmv;5405;;6881;;;;;;;;;;;;;;;;;;;;;;;1725;2163;;;;;;;;;;;;;;;;;;;;CNCL;;;;;;;;;;;;;;;;;;;;;;;;;;;;;;;;;;;;;;;;;;;;;;;;;;;;;;;;;;;;;;;;;;;;;;;;;;;;;;;;;;;;;;;;;;;;;;;;;;;;;;;;;;;;;;;;;;;;;;;;;;;;;;;;;;;;;;;;;;;;;;;;;;;;;;;;;;;;;;;;;;;;;;;;;;;;;;;;;;;;;;;;;;;;;;;;;08.06.2022 14:28:26,089;CUSTOMER_CANCEL;WAITING_FOR_CARD;08.06.2022 14:28:07,562;3;4;;;264;;517;24;;;;;;;;;;;;233;;;;;;;;;;78;;;;
08.06.2022 14:28:30,000;94;08.06.2022 14:28:49,138;1683;;;___N;DOMESTIC;DOMESTIC;true;3156;4808;2481;2923;WITHDRAWAL_NATIONAL;CashOutEmv;5268;;6785;;;;;;;;;;;;;;;;;;;;;;8671;1735;2369;12283;1;;12287;15025;17862;;;;;;;;;;;;;;OK;;;;;;;;;;;;;;;;;;;;;;;;;;;;;;;;;;;;;;;;;;;;;;;;;;;;;;;;;;;;;;;;;;;;;;;;;;;;;;;;;;;;;;;;;;;;;;;;;;;;;;;;;;;;;;;;;;;;;;;;;;;;;;;;;;;;;;;;;;;;;;;;;;;;;;;;;;;;;;;;;;;;;;;;;;;;;;;;;;;;;;;;;;;;;;;;;;;;08.06.2022 14:28:30,087;3;3;;;679;;703;21;;;;;;;;574;;592;;640;;;;;;;;;;107;;;;
08.06.2022 14:28:49,000;95;08.06.2022 14:29:07,684;1811;;;___N;DOMESTIC;DOMESTIC;true;2978;4510;2350;2733;WITHDRAWAL_NATIONAL;CashOutEmv;4971;;6366;;;;;;;;;;;;;;;;;;;;;;8222;1868;2231;11805;1;;11808;14543;17372;;;;;;;;;;;;;;OK;;;;;;;;;;;;;;;;;;;;;;;;;;;;;;;;;;;;;;;;;;;;;;;;;;;;;;;;;;;;;;;;;;;;;;;;;;;;;;;;;;;;;;;;;;;;;;;;;;;;;;;;;;;;;;;;;;;;;;;;;;;;;;;;;;;;;;;;;;;;;;;;;;;;;;;;;;;;;;;;;;;;;;;;;;;;;;;;;;;;;;;;;;;;;;;;;;;;08.06.2022 14:28:49,508;3;0;;;692;;431;22;;;;;;;;564;;548;;518;;;;;;;;;;78;;;;
08.06.2022 14:29:09,000;96;08.06.2022 14:29:18,932;1851;;;___N;DOMESTIC;DOMESTIC;true;4071;;2602;3836;WITHDRAWAL_NATIONAL;CashOutEmv;;;;;;;;;;;;;;;;;;;;;;;;;;1933;2370;;;;;;;;;;;;;;;;;;;;CNCL;;;;;;;;;;;;;;;;;;;;;;;;;;;;;;;;;;;;;;;;;;;;;;;;;;;;;;;;;;;;;;;;;;;;;;;;;;;;;;;;;;;;;;;;;;;;;;;;;;;;;;;;;;;;;;;;;;;;;;;;;;;;;;;;;;;;;;;;;;;;;;;;;;;;;;;;;;;;;;;;;;;;;;;;;;;;;;;;;;;;;;;;;;;;;;;;;08.06.2022 14:29:15,866;CUSTOMER_CANCEL;CUSTOMER_ENTERING_PIN;08.06.2022 14:29:09,081;0;0;;;270;;601;;;;;;;;;;;;;729;;;;;;;;;;84;;;;
08.06.2022 14:29:20,000;97;08.06.2022 14:29:38,994;1904;;;___N;DOMESTIC;DOMESTIC;true;3141;4792;2517;2907;WITHDRAWAL_NATIONAL;CashOutEmv;5261;;6678;;;;;;;;;;;;;;;;;;;;;;8570;2099;2348;12162;1;;12163;14898;17765;;;;;;;;;;;;;;OK;;;;;;;;;;;;;;;;;;;;;;;;;;;;;;;;;;;;;;;;;;;;;;;;;;;;;;;;;;;;;;;;;;;;;;;;;;;;;;;;;;;;;;;;;;;;;;;;;;;;;;;;;;;;;;;;;;;;;;;;;;;;;;;;;;;;;;;;;;;;;;;;;;;;;;;;;;;;;;;;;;;;;;;;;;;;;;;;;;;;;;;;;;;;;;;;;;;;08.06.2022 14:29:20,388;16;0;;;301;;484;31;;;;;;;;603;;577;;640;;;;;;;;;;84;;;;
08.06.2022 14:29:40,000;98;08.06.2022 14:29:58,806;1833;;;___N;DOMESTIC;DOMESTIC;true;3119;4574;2471;2873;WITHDRAWAL_NATIONAL;CashOutEmv;5027;;6465;;;;;;;;;;;;;;;;;;;;;;8431;1918;2302;12033;1;;12049;14691;17534;;;;;;;;;;;;;;OK;;;;;;;;;;;;;;;;;;;;;;;;;;;;;;;;;;;;;;;;;;;;;;;;;;;;;;;;;;;;;;;;;;;;;;;;;;;;;;;;;;;;;;;;;;;;;;;;;;;;;;;;;;;;;;;;;;;;;;;;;;;;;;;;;;;;;;;;;;;;;;;;;;;;;;;;;;;;;;;;;;;;;;;;;;;;;;;;;;;;;;;;;;;;;;;;;;;;08.06.2022 14:29:40,268;0;0;;;248;;501;31;;;;;;;;484;;593;;444;;;;;;;;;;63;;;;
08.06.2022 14:30:00,000;99;08.06.2022 14:30:18,683;1668;;;___N;DOMESTIC;DOMESTIC;true;2695;4070;2024;2455;WITHDRAWAL_NATIONAL;CashOutEmv;4517;;5971;;;;;;;;;;;;;;;;;;;;;;8069;1725;1911;11649;1;;11652;14273;17456;;;;;;;;;;;;;;OK;;;;;;;;;;;;;;;;;;;;;;;;;;;;;;;;;;;;;;;;;;;;;;;;;;;;;;;;;;;;;;;;;;;;;;;;;;;;;;;;;;;;;;;;;;;;;;;;;;;;;;;;;;;;;;;;;;;;;;;;;;;;;;;;;;;;;;;;;;;;;;;;;;;;;;;;;;;;;;;;;;;;;;;;;;;;;;;;;;;;;;;;;;;;;;;;;;;;08.06.2022 14:30:00,178;3;3;;;391;;253;21;;;;;;;;804;;562;;362;;;;;;;;;;106;;;;
08.06.2022 14:30:19,000;100;08.06.2022 14:30:37,323;1798;;;___N;DOMESTIC;DOMESTIC;true;3073;4296;2350;2789;WITHDRAWAL_NATIONAL;CashOutEmv;4758;;6172;;;;;;;;;;;;;;;;;;;;;;8055;1869;2234;11629;1;;11633;14433;17052;;;;;;;;;;;;;;OK;;;;;;;;;;;;;;;;;;;;;;;;;;;;;;;;;;;;;;;;;;;;;;;;;;;;;;;;;;;;;;;;;;;;;;;;;;;;;;;;;;;;;;;;;;;;;;;;;;;;;;;;;;;;;;;;;;;;;;;;;;;;;;;;;;;;;;;;;;;;;;;;;;;;;;;;;;;;;;;;;;;;;;;;;;;;;;;;;;;;;;;;;;;;;;;;;;;;08.06.2022 14:30:19,161;3;3;;;697;;448;20;;;;;;;;418;;553;;211;;;;;;;;;;109;;;;
08.06.2022 14:30:37,000;101;08.06.2022 14:30:55,001;1772;;;___N;DOMESTIC;DOMESTIC;true;2782;4089;2139;2557;WITHDRAWAL_NATIONAL;CashOutEmv;4555;;5977;;;;;;;;;;;;;;;;;;;;;;7847;1831;2017;11426;1;;11430;14191;16782;;;;;;;;;;;;;;OK;;;;;;;;;;;;;;;;;;;;;;;;;;;;;;;;;;;;;;;;;;;;;;;;;;;;;;;;;;;;;;;;;;;;;;;;;;;;;;;;;;;;;;;;;;;;;;;;;;;;;;;;;;;;;;;;;;;;;;;;;;;;;;;;;;;;;;;;;;;;;;;;;;;;;;;;;;;;;;;;;;;;;;;;;;;;;;;;;;;;;;;;;;;;;;;;;;;;08.06.2022 14:30:37,758;3;3;;;678;;253;22;;;;;;;;352;;561;;296;;;;;;;;;;76;;;;
08.06.2022 14:30:56,000;102;08.06.2022 14:31:14,044;1680;;;___N;DOMESTIC;DOMESTIC;true;2782;4019;2133;2525;WITHDRAWAL_NATIONAL;CashOutEmv;4466;;5873;;;;;;;;;;;;;;;;;;;;;;7816;1731;2013;11436;1;;11439;14112;16899;;;;;;;;;;;;;;OK;;;;;;;;;;;;;;;;;;;;;;;;;;;;;;;;;;;;;;;;;;;;;;;;;;;;;;;;;;;;;;;;;;;;;;;;;;;;;;;;;;;;;;;;;;;;;;;;;;;;;;;;;;;;;;;;;;;;;;;;;;;;;;;;;;;;;;;;;;;;;;;;;;;;;;;;;;;;;;;;;;;;;;;;;;;;;;;;;;;;;;;;;;;;;;;;;;;;08.06.2022 14:30:56,500;3;3;;;30;;361;22;;;;;;;;458;;601;;223;;;;;;;;;;77;;;;
08.06.2022 14:31:14,000;103;08.06.2022 14:31:32,189;1842;;;___N;DOMESTIC;DOMESTIC;true;2988;4071;2311;2717;WITHDRAWAL_NATIONAL;CashOutEmv;4531;;5957;;;;;;;;;;;;;;;;;;;;;;7863;1898;2159;11449;1;;11453;14122;16931;;;;;;;;;;;;;;OK;;;;;;;;;;;;;;;;;;;;;;;;;;;;;;;;;;;;;;;;;;;;;;;;;;;;;;;;;;;;;;;;;;;;;;;;;;;;;;;;;;;;;;;;;;;;;;;;;;;;;;;;;;;;;;;;;;;;;;;;;;;;;;;;;;;;;;;;;;;;;;;;;;;;;;;;;;;;;;;;;;;;;;;;;;;;;;;;;;;;;;;;;;;;;;;;;;;;08.06.2022 14:31:14,815;4;3;;;710;;356;21;;;;;;;;477;;567;;69;;;;;;;;;;76;;;;
08.06.2022 14:31:36,000;104;08.06.2022 14:31:58,301;3898;;;C23_;DOMESTIC;DOMESTIC;true;6369;7583;3941;4453;WITHDRAWAL_NATIONAL;CashOutEmv;8056;;9463;;;;;;;;;;;;;;;;;;;;;;11982;13091;13224;15561;1;;15564;18328;21124;;;;;;;;;;;;;;OK;08.06.2022 14:31:38,219;538;;1;;860;320;124;116;60;;;;;;;;;;;;;;;;;;;;4;;623;;;;;;;;;;;;;;;;;;;;;;;;;;290;270;;;;;;245;;;;;;;;1;;;;;;;;;;;;;4;2;;;;;;;;;;;;;;;;;;;;;;;;;;;;;;;;;;;;;;;;;;;;;;;;;;;;;;;;;;;;;;;;;;;;;;;;;;;;;;;;;;;;;;;;;;;;;;;;;;;;;;;;;;;;;08.06.2022 14:31:36,749;4;4;;;182;;555;;;;;;;;;559;;571;;203;;;;;;;;;;111;;;;
08.06.2022 14:32:01,000;105;08.06.2022 14:32:24,271;4542;;;C23_;DOMESTIC;DOMESTIC;true;7037;8202;4625;5064;WITHDRAWAL_NATIONAL;CashOutEmv;8657;;10153;;;;;;;;;;;;;;;;;;;;;;12611;13770;14055;16198;1;;16199;18783;21565;;;;;;;;;;;;;;OK;08.06.2022 14:32:03,758;657;;0;;977;357;142;131;84;;;;;;;;;;;;;;;;;;;;2;;717;;;;;;;;;;;;;;;;;;;;;;;;;;287;277;;;;;;257;;;;;;;;0;;;;;;;;;;;;;1;0;;;;;;;;;;;;;;;;;;;;;;;;;;;;;;;;;;;;;;;;;;;;;;;;;;;;;;;;;;;;;;;;;;;;;;;;;;;;;;;;;;;;;;;;;;;;;;;;;;;;;;;;;;;;;08.06.2022 14:32:01,868;0;2;;;684;;851;;;;;;;;;367;;560;;138;;;;;;;;;;85;;;;
08.06.2022 14:32:27,000;106;08.06.2022 14:32:50,582;4506;;;C23_;DOMESTIC;DOMESTIC;true;6948;8037;4555;4990;WITHDRAWAL_NATIONAL;CashOutEmv;8485;;9948;;;;;;;;;;;;;;;;;;;;;;12885;14014;14523;16460;1;;16461;19151;21911;;;;;;;;;;;;;;OK;08.06.2022 14:32:29,499;659;;0;;956;351;116;147;85;;;;;;;;;;;;;;;;;;;;0;;712;;;;;;;;;;;;;;;;;;;;;;;;;;295;289;;;;;;269;;;;;;;;0;;;;;;;;;;;;;1;0;;;;;;;;;;;;;;;;;;;;;;;;;;;;;;;;;;;;;;;;;;;;;;;;;;;;;;;;;;;;;;;;;;;;;;;;;;;;;;;;;;;;;;;;;;;;;;;;;;;;;;;;;;;;;08.06.2022 14:32:27,625;16;0;;;338;;30;;;;;;;;;451;;547;;78;;;;;;;;;;63;;;;
08.06.2022 14:32:54,000;107;08.06.2022 14:33:17,439;4641;;;C23_;DOMESTIC;DOMESTIC;true;7002;8078;4692;5146;WITHDRAWAL_NATIONAL;CashOutEmv;8544;;10017;;;;;;;;;;;;;;;;;;;;;;12939;14031;14440;16530;1;;16534;19300;22164;;;;;;;;;;;;;;OK;08.06.2022 14:32:56,596;641;;1;;929;332;132;137;63;;;;;;;;;;;;;;;;;;;;0;;621;;;;;;;;;;;;;;;;;;;;;;;;;;272;264;;;;;;243;;;;;;;;0;;;;;;;;;;;;;0;0;;;;;;;;;;;;;;;;;;;;;;;;;;;;;;;;;;;;;;;;;;;;;;;;;;;;;;;;;;;;;;;;;;;;;;;;;;;;;;;;;;;;;;;;;;;;;;;;;;;;;;;;;;;;;08.06.2022 14:32:54,556;0;3;;;357;;805;;;;;;;;;629;;582;;63;;;;;;;;;;131;;;;
08.06.2022 14:33:20,000;108;08.06.2022 14:33:41,742;3874;;;C23_;DOMESTIC;DOMESTIC;true;6192;7192;3911;4363;WITHDRAWAL_NATIONAL;CashOutEmv;7652;;9051;;;;;;;;;;;;;;;;;;;;;;11373;12458;12691;14962;1;;14966;17750;20522;;;;;;;;;;;;;;OK;08.06.2022 14:33:22,194;540;;1;;851;312;114;114;72;;;;;;;;;;;;;;;;;;;;2;;562;;;;;;;;;;;;;;;;;;;;;;;;;;274;266;;;;;;246;;;;;;;;1;;;;;;;;;;;;;0;0;;;;;;;;;;;;;;;;;;;;;;;;;;;;;;;;;;;;;;;;;;;;;;;;;;;;;;;;;;;;;;;;;;;;;;;;;;;;;;;;;;;;;;;;;;;;;;;;;;;;;;;;;;;;;08.06.2022 14:33:20,735;2;3;;;174;;622;;;;;;;;;554;;579;;989;;;;;;;;;;78;;;;
08.06.2022 14:33:45,000;109;08.06.2022 14:34:06,924;3884;;;C23_;DOMESTIC;DOMESTIC;true;6124;7125;3917;4293;WITHDRAWAL_NATIONAL;CashOutEmv;7589;;9032;;;;;;;;;;;;;;;;;;;;;;11458;12532;12721;15032;1;;15033;17674;20603;;;;;;;;;;;;;;OK;08.06.2022 14:33:46,672;557;;0;;831;306;126;114;59;;;;;;;;;;;;;;;;;;;;2;;569;;;;;;;;;;;;;;;;;;;;;;;;;;275;266;;;;;;240;;;;;;;;0;;;;;;;;;;;;;1;1;;;;;;;;;;;;;;;;;;;;;;;;;;;;;;;;;;;;;;;;;;;;;;;;;;;;;;;;;;;;;;;;;;;;;;;;;;;;;;;;;;;;;;;;;;;;;;;;;;;;;;;;;;;;;08.06.2022 14:33:45,190;3;18;;;170;;572;;;;;;;;;571;;568;;988;;;;;;;;;;84;;;;
08.06.2022 14:34:10,000;110;08.06.2022 14:34:32,763;4527;;;C23_;DOMESTIC;DOMESTIC;true;7013;8000;4580;5001;WITHDRAWAL_NATIONAL;CashOutEmv;8469;;9910;;;;;;;;;;;;;;;;;;;;;;12369;13597;14033;15931;1;;15932;18691;21497;;;;;;;;;;;;;;OK;08.06.2022 14:34:12,383;663;;0;;958;351;115;132;88;;;;;;;;;;;;;;;;;;;;16;;726;;;;;;;;;;;;;;;;;;;;;;;;;;277;269;;;;;;273;;;;;;;;0;;;;;;;;;;;;;1;0;;;;;;;;;;;;;;;;;;;;;;;;;;;;;;;;;;;;;;;;;;;;;;;;;;;;;;;;;;;;;;;;;;;;;;;;;;;;;;;;;;;;;;;;;;;;;;;;;;;;;;;;;;;;;08.06.2022 14:34:10,493;16;0;;;239;;106;;;;;;;;;566;;563;;977;;;;;;;;;;99;;;;
08.06.2022 14:34:36,000;111;08.06.2022 14:34:58,700;4526;;;C23_;DOMESTIC;DOMESTIC;true;6947;7974;4577;5000;WITHDRAWAL_NATIONAL;CashOutEmv;8445;;9923;;;;;;;;;;;;;;;;;;;;;;12376;13513;13999;15945;1;;15961;18561;21375;;;;;;;;;;;;;;OK;08.06.2022 14:34:38,067;671;;0;;942;342;137;132;73;;;;;;;;;;;;;;;;;;;;0;;713;;;;;;;;;;;;;;;;;;;;;;;;;;273;265;;;;;;257;;;;;;;;0;;;;;;;;;;;;;1;0;;;;;;;;;;;;;;;;;;;;;;;;;;;;;;;;;;;;;;;;;;;;;;;;;;;;;;;;;;;;;;;;;;;;;;;;;;;;;;;;;;;;;;;;;;;;;;;;;;;;;;;;;;;;;08.06.2022 14:34:36,201;0;16;;;780;;15;;;;;;;;;413;;557;;15;;;;;;;;;;84;;;;
08.06.2022 14:35:01,000;112;08.06.2022 14:35:22,882;3839;;;C23_;DOMESTIC;DOMESTIC;true;6185;7333;3875;4373;WITHDRAWAL_NATIONAL;CashOutEmv;7798;;9296;;;;;;;;;;;;;;;;;;;;;;11655;12762;13176;15241;1;;15245;17836;20645;;;;;;;;;;;;;;OK;08.06.2022 14:35:03,362;536;;0;;831;298;122;106;60;;;;;;;;;;;;;;;;;;;;2;;560;;;;;;;;;;;;;;;;;;;;;;;;;;271;263;;;;;;238;;;;;;;;0;;;;;;;;;;;;;1;1;;;;;;;;;;;;;;;;;;;;;;;;;;;;;;;;;;;;;;;;;;;;;;;;;;;;;;;;;;;;;;;;;;;;;;;;;;;;;;;;;;;;;;;;;;;;;;;;;;;;;;;;;;;;;08.06.2022 14:35:01,919;3;3;;;438;;830;;;;;;;;;400;;576;;133;;;;;;;;;;109;;;;
08.06.2022 14:35:27,000;113;08.06.2022 14:35:48,887;3880;;;C23_;DOMESTIC;DOMESTIC;true;6097;7109;3921;4305;WITHDRAWAL_NATIONAL;CashOutEmv;7562;;8995;;;;;;;;;;;;;;;;;;;;;;11531;12670;12707;15110;1;;15114;17773;20594;;;;;;;;;;;;;;OK;08.06.2022 14:35:28,817;556;;0;;825;291;117;104;61;;;;;;;;;;;;;;;;;;;;2;;537;;;;;;;;;;;;;;;;;;;;;;;;;;273;264;;;;;;267;;;;;;;;0;;;;;;;;;;;;;1;1;;;;;;;;;;;;;;;;;;;;;;;;;;;;;;;;;;;;;;;;;;;;;;;;;;;;;;;;;;;;;;;;;;;;;;;;;;;;;;;;;;;;;;;;;;;;;;;;;;;;;;;;;;;;;08.06.2022 14:35:27,351;3;5;;;935;;466;;;;;;;;;479;;568;;0;;;;;;;;;;76;;;;
