START,TXNR,TXEND,CRDALD,CRDVAL,CRDTYP,CTYP,EMVPOS,PINENT,PINEND,TXMNU,TXSEL,TXTYP,TXID,AMTSEL,AMTQCK,CSHDPG,CRDSHW,CRDTKN,CSHDPD,CSHDPD_NOTES,CSHOUT,CSHSHW,CSHTKN,STATE,DPL_ENCC,DPL_RETCC,LPL_GCCI,EPL_CHKEMV,EPL_CHKEMV_ICC_CMD_0,EPL_CHKEMV_ICC_CMD_1,EPL_CHKEMV_ICC_CMD_2,EPL_ITX,EPL_IAPP,EPL_CAUT,EPL_GASEL,EPL_GAUTD,EPL_GCNFD,ERROR TYPE,TX ACTION,VISIT_TMSTMP,TS_START_CUSTOMER_VISIT,TS_END_CUSTOMER_VISIT,TS_READ_CARD,TS_RETURN_CARD_0,TS_RETURN_CARD_1,TS_PRESENT_CASH,TS_DISPENSE_CASH,TS_ACCEPT_PIN_0,TS_OPEN_CLOSE_INDICATOR
08/06/2022 14:31,0,08/06/2022 14:26,0,C23_,DOMESTIC,DOMESTIC,WAHR,86,73,9,89,WITHDRAWAL_NATIONAL,CashOutEmv,84,67,13,42,0,10,1.0,45,18,24,CNCL,540.0,1.0,956.0,306.0,126.0,131.0,84.0,16.0,562.0,246.0,0.0,0.0,2.0,CONTACTLESS_COMMUNICATION_ERROR,WAITING_FOR_CARD,08/06/2022 14:26,16,4,0,57,20.0,31,577.0,90,85
08/06/2022 14:26,1,08/06/2022 14:32,1,C23_,DOMESTIC,DOMESTIC,WAHR,60,87,5,29,WITHDRAWAL_NATIONAL,CashOutEmv,83,30,12,92,1,41,1.0,67,66,88,NOK,536.0,0.0,860.0,332.0,137.0,147.0,84.0,0.0,621.0,273.0,1.0,0.0,1.0,CUSTOMER_CANCEL,CUSTOMER_ENTERING_PIN,08/06/2022 14:30,6,11,1,30,22.0,94,561.0,38,63
08/06/2022 14:29,2,08/06/2022 14:30,2,___N,DOMESTIC,DOMESTIC,WAHR,93,64,76,37,WITHDRAWAL_NATIONAL,CashOutEmv,37,37,29,37,2,13,1.0,58,16,91,OK,641.0,0.0,958.0,291.0,122.0,147.0,85.0,4.0,712.0,257.0,0.0,0.0,1.0,CONTACTLESS_COMMUNICATION_ERROR,CUSTOMER_ENTERING_PIN,08/06/2022 14:28,6,16,2,75,21.0,32,571.0,75,63
08/06/2022 14:29,3,08/06/2022 14:28,3,C23_,DOMESTIC,DOMESTIC,WAHR,41,17,61,49,WITHDRAWAL_NATIONAL,CashOutEmv,33,56,78,100,3,51,1.0,3,75,61,NOK,657.0,1.0,977.0,320.0,116.0,116.0,59.0,16.0,537.0,245.0,1.0,1.0,0.0,CONTACTLESS_COMMUNICATION_ERROR,KIXCLC_READING_AND_CHECKING_CHIP_INFORMATION,08/06/2022 14:31,4,18,3,54,20.0,41,560.0,82,76
08/06/2022 14:33,4,08/06/2022 14:30,4,___N,DOMESTIC,DOMESTIC,WAHR,40,40,42,40,WITHDRAWAL_NATIONAL,CashOutEmv,60,5,77,82,4,66,1.0,70,99,3,CNCL,671.0,0.0,929.0,342.0,122.0,147.0,63.0,0.0,569.0,245.0,0.0,0.0,1.0,CONTACTLESS_COMMUNICATION_ERROR,CUSTOMER_ENTERING_PIN,08/06/2022 14:35,2,3,4,56,24.0,28,568.0,99,99
08/06/2022 14:35,5,08/06/2022 14:32,5,C23_,DOMESTIC,DOMESTIC,WAHR,60,21,16,95,WITHDRAWAL_NATIONAL,CashOutEmv,89,59,9,55,5,82,1.0,66,9,19,CNCL,538.0,1.0,977.0,306.0,124.0,132.0,61.0,0.0,569.0,243.0,1.0,4.0,2.0,CONTACTLESS_COMMUNICATION_ERROR,CUSTOMER_SELECTING_TRANSACTION,08/06/2022 14:28,16,3,5,49,22.0,68,547.0,88,84
08/06/2022 14:29,6,08/06/2022 14:29,6,C23_,DOMESTIC,DOMESTIC,WAHR,81,94,59,11,WITHDRAWAL_NATIONAL,CashOutEmv,7,80,46,35,6,84,1.0,24,73,12,OK,540.0,0.0,851.0,342.0,132.0,132.0,63.0,0.0,712.0,246.0,1.0,4.0,0.0,CUSTOMER_CANCEL,CUSTOMER_ENTERING_PIN,08/06/2022 14:31,16,4,6,99,22.0,65,561.0,49,76
08/06/2022 14:31,7,08/06/2022 14:29,7,C23_,DOMESTIC,DOMESTIC,WAHR,51,26,17,56,WITHDRAWAL_NATIONAL,CashOutEmv,60,90,60,99,7,7,1.0,55,30,44,NOK,657.0,0.0,956.0,298.0,116.0,147.0,85.0,16.0,569.0,273.0,0.0,4.0,2.0,CONTACTLESS_COMMUNICATION_ERROR,KIXCLC_READING_AND_CHECKING_CHIP_INFORMATION,08/06/2022 14:27,3,0,7,19,21.0,98,568.0,84,131
08/06/2022 14:28,8,08/06/2022 14:33,8,C23_,DOMESTIC,DOMESTIC,WAHR,40,15,68,63,WITHDRAWAL_NATIONAL,CashOutEmv,37,61,76,65,8,40,1.0,59,22,74,CNCL,657.0,1.0,956.0,320.0,117.0,132.0,63.0,4.0,726.0,245.0,0.0,0.0,0.0,CONTACTLESS_COMMUNICATION_ERROR,KIXCLC_READING_AND_CHECKING_CHIP_INFORMATION,08/06/2022 14:35,2,18,8,22,21.0,98,593.0,79,111
08/06/2022 14:30,9,08/06/2022 14:34,9,___N,DOMESTIC,DOMESTIC,WAHR,59,17,60,14,WITHDRAWAL_NATIONAL,CashOutEmv,84,31,29,93,9,56,1.0,35,20,9,CNCL,659.0,0.0,942.0,351.0,115.0,131.0,63.0,16.0,560.0,240.0,1.0,0.0,0.0,CUSTOMER_CANCEL,CUSTOMER_ENTERING_PIN,08/06/2022 14:34,16,0,9,100,21.0,22,582.0,9,77
08/06/2022 14:33,10,08/06/2022 14:31,10,C23_,DOMESTIC,DOMESTIC,WAHR,94,10,25,32,WITHDRAWAL_NATIONAL,CashOutEmv,98,70,75,20,10,85,1.0,3,83,63,NOK,536.0,0.0,958.0,312.0,142.0,114.0,63.0,0.0,713.0,267.0,1.0,1.0,2.0,CUSTOMER_CANCEL,CUSTOMER_SELECTING_TRANSACTION,08/06/2022 14:34,4,3,10,19,22.0,70,981.0,6,78
08/06/2022 14:32,11,08/06/2022 14:26,11,C23_,DOMESTIC,DOMESTIC,WAHR,29,17,14,65,WITHDRAWAL_NATIONAL,CashOutEmv,16,89,24,99,11,37,1.0,71,68,92,CNCL,641.0,1.0,977.0,351.0,126.0,132.0,85.0,2.0,569.0,238.0,0.0,0.0,0.0,CUSTOMER_CANCEL,KIXCLC_READING_AND_CHECKING_CHIP_INFORMATION,08/06/2022 14:29,4,0,11,47,22.0,89,563.0,2,84
08/06/2022 14:34,12,08/06/2022 14:34,12,___N,DOMESTIC,DOMESTIC,WAHR,97,3,61,65,WITHDRAWAL_NATIONAL,CashOutEmv,45,75,59,46,12,46,1.0,27,79,46,CNCL,557.0,0.0,851.0,291.0,115.0,132.0,63.0,4.0,569.0,245.0,0.0,0.0,2.0,CONTACTLESS_COMMUNICATION_ERROR,WAITING_FOR_CARD,08/06/2022 14:32,4,3,12,50,20.0,83,592.0,87,78
08/06/2022 14:34,13,08/06/2022 14:31,13,___N,DOMESTIC,DOMESTIC,WAHR,94,73,53,36,WITHDRAWAL_NATIONAL,CashOutEmv,39,17,72,98,13,83,1.0,66,33,95,CNCL,659.0,1.0,851.0,332.0,126.0,114.0,88.0,2.0,569.0,246.0,1.0,4.0,0.0,CONTACTLESS_COMMUNICATION_ERROR,CUSTOMER_SELECTING_TRANSACTION,08/06/2022 14:28,2,16,13,98,22.0,9,571.0,61,99
08/06/2022 14:27,14,08/06/2022 14:30,14,C23_,DOMESTIC,DOMESTIC,WAHR,37,29,81,25,WITHDRAWAL_NATIONAL,CashOutEmv,33,31,15,91,14,90,1.0,71,64,87,CNCL,557.0,1.0,825.0,306.0,124.0,114.0,84.0,2.0,726.0,257.0,1.0,4.0,2.0,CUSTOMER_CANCEL,CUSTOMER_ENTERING_PIN,08/06/2022 14:31,3,3,14,73,20.0,98,562.0,51,107
08/06/2022 14:32,15,08/06/2022 14:33,15,C23_,DOMESTIC,DOMESTIC,WAHR,88,67,29,76,WITHDRAWAL_NATIONAL,CashOutEmv,97,31,54,62,15,55,1.0,10,15,13,CNCL,657.0,1.0,977.0,357.0,114.0,147.0,84.0,4.0,560.0,267.0,1.0,0.0,1.0,CUSTOMER_CANCEL,WAITING_FOR_CARD,08/06/2022 14:34,3,11,15,43,21.0,86,562.0,71,79
08/06/2022 14:33,16,08/06/2022 14:30,16,___N,DOMESTIC,DOMESTIC,WAHR,16,71,70,72,WITHDRAWAL_NATIONAL,CashOutEmv,65,84,32,62,16,6,1.0,63,77,69,OK,657.0,0.0,831.0,332.0,132.0,137.0,61.0,4.0,560.0,267.0,1.0,4.0,1.0,CUSTOMER_CANCEL,WAITING_FOR_CARD,08/06/2022 14:28,6,2,16,18,24.0,41,571.0,67,95
08/06/2022 14:33,17,08/06/2022 14:27,17,C23_,DOMESTIC,DOMESTIC,WAHR,99,80,28,50,WITHDRAWAL_NATIONAL,CashOutEmv,73,90,80,78,17,0,1.0,5,9,45,CNCL,663.0,1.0,958.0,291.0,132.0,106.0,63.0,16.0,537.0,267.0,1.0,4.0,0.0,CUSTOMER_CANCEL,KIXCLC_READING_AND_CHECKING_CHIP_INFORMATION,08/06/2022 14:31,6,18,17,52,22.0,59,593.0,83,131
08/06/2022 14:34,18,08/06/2022 14:29,18,___N,DOMESTIC,DOMESTIC,WAHR,39,98,74,12,WITHDRAWAL_NATIONAL,CashOutEmv,87,39,11,30,18,8,1.0,40,49,7,CNCL,657.0,0.0,942.0,342.0,124.0,132.0,72.0,2.0,712.0,245.0,0.0,0.0,1.0,CUSTOMER_CANCEL,CUSTOMER_ENTERING_PIN,08/06/2022 14:26,0,4,18,5,21.0,56,576.0,39,108
08/06/2022 14:27,19,08/06/2022 14:29,19,C23_,DOMESTIC,DOMESTIC,WAHR,29,4,5,24,WITHDRAWAL_NATIONAL,CashOutEmv,68,50,15,91,19,85,1.0,86,10,41,NOK,536.0,1.0,958.0,291.0,142.0,116.0,84.0,16.0,726.0,245.0,0.0,1.0,2.0,CUSTOMER_CANCEL,CUSTOMER_SELECTING_TRANSACTION,08/06/2022 14:33,0,4,19,26,24.0,53,568.0,14,77
08/06/2022 14:31,20,08/06/2022 14:35,20,___N,DOMESTIC,DOMESTIC,WAHR,65,61,100,19,WITHDRAWAL_NATIONAL,CashOutEmv,24,74,25,51,20,37,1.0,52,34,16,NOK,540.0,0.0,942.0,298.0,115.0,106.0,73.0,16.0,726.0,257.0,1.0,4.0,2.0,CONTACTLESS_COMMUNICATION_ERROR,CUSTOMER_SELECTING_TRANSACTION,08/06/2022 14:26,0,16,20,15,21.0,28,563.0,5,108
08/06/2022 14:35,21,08/06/2022 14:28,21,C23_,DOMESTIC,DOMESTIC,WAHR,23,90,100,67,WITHDRAWAL_NATIONAL,CashOutEmv,6,38,21,4,21,67,1.0,43,39,50,OK,536.0,1.0,956.0,312.0,114.0,114.0,73.0,16.0,717.0,240.0,1.0,1.0,2.0,CUSTOMER_CANCEL,CUSTOMER_SELECTING_TRANSACTION,08/06/2022 14:34,0,2,21,31,24.0,23,547.0,19,95
08/06/2022 14:34,22,08/06/2022 14:31,22,___N,DOMESTIC,DOMESTIC,WAHR,72,100,84,10,WITHDRAWAL_NATIONAL,CashOutEmv,97,68,22,68,22,46,1.0,65,48,39,OK,536.0,0.0,851.0,320.0,117.0,132.0,61.0,4.0,717.0,257.0,0.0,4.0,2.0,CONTACTLESS_COMMUNICATION_ERROR,KIXCLC_READING_AND_CHECKING_CHIP_INFORMATION,08/06/2022 14:35,3,18,22,11,22.0,4,560.0,66,131
08/06/2022 14:35,23,08/06/2022 14:28,23,___N,DOMESTIC,DOMESTIC,WAHR,0,6,55,7,WITHDRAWAL_NATIONAL,CashOutEmv,60,39,81,6,23,41,1.0,6,44,35,CNCL,663.0,0.0,958.0,342.0,142.0,147.0,60.0,2.0,560.0,269.0,1.0,4.0,0.0,CONTACTLESS_COMMUNICATION_ERROR,KIXCLC_READING_AND_CHECKING_CHIP_INFORMATION,08/06/2022 14:28,4,18,23,2,21.0,87,601.0,42,99
08/06/2022 14:30,24,08/06/2022 14:29,24,___N,DOMESTIC,DOMESTIC,WAHR,87,32,50,52,WITHDRAWAL_NATIONAL,CashOutEmv,88,79,92,41,24,92,1.0,28,1,28,NOK,557.0,1.0,958.0,291.0,137.0,104.0,88.0,0.0,717.0,245.0,1.0,4.0,2.0,CONTACTLESS_COMMUNICATION_ERROR,KIXCLC_READING_AND_CHECKING_CHIP_INFORMATION,08/06/2022 14:30,3,2,24,55,22.0,17,981.0,77,79
08/06/2022 14:29,25,08/06/2022 14:31,25,C23_,DOMESTIC,DOMESTIC,WAHR,37,81,86,92,WITHDRAWAL_NATIONAL,CashOutEmv,61,13,91,3,25,63,1.0,5,72,81,CNCL,536.0,0.0,929.0,351.0,117.0,132.0,73.0,4.0,621.0,238.0,0.0,4.0,0.0,CUSTOMER_CANCEL,WAITING_FOR_CARD,08/06/2022 14:27,3,5,25,42,20.0,62,577.0,24,78
08/06/2022 14:26,26,08/06/2022 14:33,26,___N,DOMESTIC,DOMESTIC,WAHR,63,37,53,14,WITHDRAWAL_NATIONAL,CashOutEmv,59,35,72,39,26,57,1.0,74,0,37,NOK,538.0,0.0,860.0,320.0,116.0,137.0,61.0,4.0,569.0,243.0,1.0,1.0,1.0,CONTACTLESS_COMMUNICATION_ERROR,CUSTOMER_SELECTING_TRANSACTION,08/06/2022 14:26,6,3,26,78,21.0,8,570.0,32,107
08/06/2022 14:29,27,08/06/2022 14:28,27,C23_,DOMESTIC,DOMESTIC,WAHR,26,27,10,72,WITHDRAWAL_NATIONAL,CashOutEmv,74,11,91,100,27,100,1.0,7,11,1,OK,536.0,1.0,860.0,312.0,115.0,116.0,72.0,2.0,726.0,257.0,0.0,0.0,1.0,CONTACTLESS_COMMUNICATION_ERROR,KIXCLC_READING_AND_CHECKING_CHIP_INFORMATION,08/06/2022 14:27,3,11,27,12,24.0,73,562.0,69,106
08/06/2022 14:31,28,08/06/2022 14:33,28,___N,DOMESTIC,DOMESTIC,WAHR,89,51,43,46,WITHDRAWAL_NATIONAL,CashOutEmv,29,75,92,27,28,39,1.0,29,26,81,CNCL,663.0,1.0,942.0,312.0,115.0,116.0,72.0,2.0,621.0,246.0,0.0,4.0,1.0,CUSTOMER_CANCEL,WAITING_FOR_CARD,08/06/2022 14:35,16,5,28,74,21.0,65,571.0,43,84
08/06/2022 14:26,29,08/06/2022 14:27,29,___N,DOMESTIC,DOMESTIC,WAHR,89,78,59,99,WITHDRAWAL_NATIONAL,CashOutEmv,28,54,99,13,29,65,1.0,100,94,30,CNCL,641.0,1.0,942.0,312.0,137.0,131.0,60.0,2.0,717.0,273.0,0.0,4.0,1.0,CUSTOMER_CANCEL,WAITING_FOR_CARD,08/06/2022 14:35,0,18,29,71,31.0,95,981.0,55,78
08/06/2022 14:28,30,08/06/2022 14:32,30,C23_,DOMESTIC,DOMESTIC,WAHR,6,59,30,35,WITHDRAWAL_NATIONAL,CashOutEmv,24,36,30,44,30,51,1.0,82,42,34,OK,540.0,0.0,956.0,306.0,126.0,137.0,72.0,2.0,726.0,238.0,0.0,4.0,2.0,CONTACTLESS_COMMUNICATION_ERROR,WAITING_FOR_CARD,08/06/2022 14:30,16,3,30,22,31.0,15,568.0,27,95
08/06/2022 14:29,31,08/06/2022 14:31,31,C23_,DOMESTIC,DOMESTIC,WAHR,88,86,59,81,WITHDRAWAL_NATIONAL,CashOutEmv,3,82,41,0,31,61,1.0,47,19,3,NOK,663.0,1.0,831.0,298.0,115.0,106.0,84.0,2.0,569.0,240.0,1.0,4.0,2.0,CUSTOMER_CANCEL,WAITING_FOR_CARD,08/06/2022 14:27,16,4,31,55,20.0,81,562.0,0,76
08/06/2022 14:34,32,08/06/2022 14:26,32,C23_,DOMESTIC,DOMESTIC,WAHR,79,95,14,23,WITHDRAWAL_NATIONAL,CashOutEmv,82,75,9,74,32,69,1.0,60,85,33,OK,536.0,0.0,851.0,312.0,114.0,104.0,61.0,0.0,726.0,269.0,1.0,0.0,0.0,CUSTOMER_CANCEL,WAITING_FOR_CARD,08/06/2022 14:34,6,5,32,79,21.0,69,561.0,17,131
08/06/2022 14:27,33,08/06/2022 14:26,33,___N,DOMESTIC,DOMESTIC,WAHR,41,8,48,61,WITHDRAWAL_NATIONAL,CashOutEmv,21,51,52,93,33,58,1.0,63,1,43,CNCL,641.0,1.0,825.0,357.0,114.0,106.0,63.0,16.0,726.0,238.0,1.0,1.0,2.0,CONTACTLESS_COMMUNICATION_ERROR,CUSTOMER_SELECTING_TRANSACTION,08/06/2022 14:34,0,18,33,52,21.0,7,571.0,79,85
08/06/2022 14:29,34,08/06/2022 14:29,34,___N,DOMESTIC,DOMESTIC,WAHR,17,56,56,53,WITHDRAWAL_NATIONAL,CashOutEmv,6,34,43,78,34,91,1.0,66,60,89,NOK,536.0,1.0,851.0,298.0,117.0,137.0,63.0,16.0,537.0,240.0,1.0,1.0,1.0,CUSTOMER_CANCEL,WAITING_FOR_CARD,08/06/2022 14:35,6,3,34,67,24.0,66,561.0,26,107
08/06/2022 14:29,35,08/06/2022 14:27,35,C23_,DOMESTIC,DOMESTIC,WAHR,80,29,65,12,WITHDRAWAL_NATIONAL,CashOutEmv,84,58,81,0,35,95,1.0,41,82,1,CNCL,663.0,1.0,942.0,357.0,137.0,132.0,72.0,4.0,713.0,269.0,1.0,1.0,0.0,CUSTOMER_CANCEL,KIXCLC_READING_AND_CHECKING_CHIP_INFORMATION,08/06/2022 14:28,6,18,35,79,24.0,27,582.0,78,131
08/06/2022 14:29,36,08/06/2022 14:35,36,C23_,DOMESTIC,DOMESTIC,WAHR,43,28,7,45,WITHDRAWAL_NATIONAL,CashOutEmv,21,80,50,0,36,40,1.0,29,92,98,OK,641.0,1.0,851.0,357.0,126.0,132.0,85.0,16.0,560.0,269.0,1.0,0.0,1.0,CONTACTLESS_COMMUNICATION_ERROR,CUSTOMER_ENTERING_PIN,08/06/2022 14:27,16,18,36,96,24.0,98,601.0,24,78
08/06/2022 14:33,37,08/06/2022 14:35,37,C23_,DOMESTIC,DOMESTIC,WAHR,69,95,69,7,WITHDRAWAL_NATIONAL,CashOutEmv,27,28,16,96,37,73,1.0,96,62,56,NOK,657.0,0.0,825.0,320.0,116.0,147.0,73.0,16.0,537.0,267.0,1.0,1.0,2.0,CONTACTLESS_COMMUNICATION_ERROR,CUSTOMER_ENTERING_PIN,08/06/2022 14:32,2,16,37,2,21.0,70,582.0,66,109
08/06/2022 14:26,38,08/06/2022 14:32,38,C23_,DOMESTIC,DOMESTIC,WAHR,19,34,15,47,WITHDRAWAL_NATIONAL,CashOutEmv,26,9,64,11,38,53,1.0,49,11,49,CNCL,671.0,1.0,860.0,342.0,137.0,137.0,61.0,16.0,717.0,257.0,0.0,1.0,0.0,CONTACTLESS_COMMUNICATION_ERROR,CUSTOMER_SELECTING_TRANSACTION,08/06/2022 14:28,6,11,38,25,21.0,24,593.0,89,99
08/06/2022 14:27,39,08/06/2022 14:32,39,C23_,DOMESTIC,DOMESTIC,WAHR,22,58,52,39,WITHDRAWAL_NATIONAL,CashOutEmv,89,8,26,29,39,7,1.0,60,49,40,NOK,557.0,0.0,977.0,312.0,115.0,137.0,59.0,0.0,560.0,238.0,1.0,0.0,0.0,CUSTOMER_CANCEL,CUSTOMER_SELECTING_TRANSACTION,08/06/2022 14:31,2,18,39,59,31.0,100,582.0,8,99
08/06/2022 14:35,40,08/06/2022 14:33,40,C23_,DOMESTIC,DOMESTIC,WAHR,11,81,32,94,WITHDRAWAL_NATIONAL,CashOutEmv,64,17,7,5,40,99,1.0,52,63,82,NOK,557.0,1.0,860.0,342.0,137.0,147.0,59.0,0.0,623.0,267.0,1.0,0.0,2.0,CUSTOMER_CANCEL,CUSTOMER_ENTERING_PIN,08/06/2022 14:29,4,16,40,6,22.0,12,561.0,54,107
08/06/2022 14:35,41,08/06/2022 14:34,41,___N,DOMESTIC,DOMESTIC,WAHR,11,92,87,19,WITHDRAWAL_NATIONAL,CashOutEmv,3,92,54,69,41,47,1.0,25,9,41,NOK,540.0,0.0,831.0,332.0,116.0,106.0,63.0,16.0,569.0,243.0,1.0,0.0,0.0,CUSTOMER_CANCEL,CUSTOMER_SELECTING_TRANSACTION,08/06/2022 14:27,0,4,41,13,24.0,53,563.0,62,84
08/06/2022 14:26,42,08/06/2022 14:34,42,C23_,DOMESTIC,DOMESTIC,WAHR,33,16,78,50,WITHDRAWAL_NATIONAL,CashOutEmv,53,25,82,57,42,69,1.0,36,24,54,NOK,557.0,1.0,825.0,357.0,142.0,147.0,85.0,2.0,726.0,243.0,1.0,4.0,0.0,CONTACTLESS_COMMUNICATION_ERROR,CUSTOMER_SELECTING_TRANSACTION,08/06/2022 14:33,3,4,42,76,22.0,13,576.0,76,109
08/06/2022 14:30,43,08/06/2022 14:33,43,C23_,DOMESTIC,DOMESTIC,WAHR,7,72,34,65,WITHDRAWAL_NATIONAL,CashOutEmv,37,94,58,30,43,41,1.0,19,68,85,OK,536.0,0.0,956.0,291.0,132.0,147.0,63.0,16.0,726.0,243.0,0.0,1.0,0.0,CUSTOMER_CANCEL,KIXCLC_READING_AND_CHECKING_CHIP_INFORMATION,08/06/2022 14:35,4,2,43,94,22.0,93,560.0,91,131
08/06/2022 14:33,44,08/06/2022 14:26,44,C23_,DOMESTIC,DOMESTIC,WAHR,26,59,29,43,WITHDRAWAL_NATIONAL,CashOutEmv,7,59,75,18,44,28,1.0,96,26,47,CNCL,663.0,1.0,929.0,351.0,137.0,114.0,60.0,2.0,537.0,246.0,0.0,1.0,2.0,CONTACTLESS_COMMUNICATION_ERROR,KIXCLC_READING_AND_CHECKING_CHIP_INFORMATION,08/06/2022 14:34,3,2,44,89,20.0,29,592.0,16,85
08/06/2022 14:29,45,08/06/2022 14:34,45,C23_,DOMESTIC,DOMESTIC,WAHR,48,7,51,82,WITHDRAWAL_NATIONAL,CashOutEmv,80,94,57,16,45,85,1.0,91,52,92,CNCL,538.0,0.0,956.0,342.0,142.0,147.0,63.0,4.0,569.0,257.0,1.0,0.0,2.0,CUSTOMER_CANCEL,WAITING_FOR_CARD,08/06/2022 14:27,0,5,45,46,21.0,81,981.0,19,131
08/06/2022 14:28,46,08/06/2022 14:32,46,___N,DOMESTIC,DOMESTIC,WAHR,71,12,89,78,WITHDRAWAL_NATIONAL,CashOutEmv,75,59,58,81,46,11,1.0,26,54,65,CNCL,659.0,0.0,929.0,320.0,114.0,116.0,84.0,2.0,623.0,267.0,0.0,4.0,1.0,CONTACTLESS_COMMUNICATION_ERROR,KIXCLC_READING_AND_CHECKING_CHIP_INFORMATION,08/06/2022 14:35,3,0,46,1,21.0,74,563.0,54,79
08/06/2022 14:33,47,08/06/2022 14:34,47,C23_,DOMESTIC,DOMESTIC,WAHR,54,32,53,89,WITHDRAWAL_NATIONAL,CashOutEmv,11,58,76,75,47,3,1.0,56,85,41,OK,557.0,0.0,831.0,357.0,115.0,132.0,85.0,0.0,623.0,257.0,1.0,0.0,0.0,CUSTOMER_CANCEL,CUSTOMER_SELECTING_TRANSACTION,08/06/2022 14:35,6,18,47,55,31.0,40,547.0,56,85
08/06/2022 14:28,48,08/06/2022 14:35,48,C23_,DOMESTIC,DOMESTIC,WAHR,96,84,4,56,WITHDRAWAL_NATIONAL,CashOutEmv,2,18,13,9,48,18,1.0,56,78,38,CNCL,538.0,0.0,860.0,320.0,115.0,106.0,72.0,4.0,560.0,243.0,1.0,4.0,0.0,CONTACTLESS_COMMUNICATION_ERROR,KIXCLC_READING_AND_CHECKING_CHIP_INFORMATION,08/06/2022 14:26,4,16,48,79,21.0,27,560.0,62,63
08/06/2022 14:26,49,08/06/2022 14:34,49,C23_,DOMESTIC,DOMESTIC,WAHR,100,75,64,72,WITHDRAWAL_NATIONAL,CashOutEmv,54,12,72,9,49,35,1.0,28,29,12,NOK,536.0,0.0,956.0,332.0,115.0,104.0,61.0,0.0,569.0,257.0,1.0,0.0,0.0,CUSTOMER_CANCEL,KIXCLC_READING_AND_CHECKING_CHIP_INFORMATION,08/06/2022 14:28,16,0,49,51,20.0,30,601.0,9,76
08/06/2022 14:26,50,08/06/2022 14:29,50,___N,DOMESTIC,DOMESTIC,WAHR,82,93,26,50,WITHDRAWAL_NATIONAL,CashOutEmv,5,1,18,90,50,46,1.0,45,1,79,CNCL,671.0,0.0,851.0,332.0,116.0,147.0,59.0,0.0,623.0,257.0,0.0,4.0,1.0,CONTACTLESS_COMMUNICATION_ERROR,KIXCLC_READING_AND_CHECKING_CHIP_INFORMATION,08/06/2022 14:26,2,4,50,72,21.0,98,570.0,12,77
08/06/2022 14:30,51,08/06/2022 14:32,51,___N,DOMESTIC,DOMESTIC,WAHR,87,40,84,34,WITHDRAWAL_NATIONAL,CashOutEmv,17,27,17,76,51,17,1.0,87,78,28,NOK,641.0,1.0,977.0,342.0,137.0,116.0,61.0,0.0,560.0,267.0,1.0,0.0,1.0,CONTACTLESS_COMMUNICATION_ERROR,CUSTOMER_SELECTING_TRANSACTION,08/06/2022 14:26,3,3,51,91,24.0,24,563.0,53,109
08/06/2022 14:31,52,08/06/2022 14:27,52,C23_,DOMESTIC,DOMESTIC,WAHR,21,0,5,90,WITHDRAWAL_NATIONAL,CashOutEmv,78,10,42,64,52,27,1.0,82,0,25,NOK,538.0,1.0,977.0,351.0,132.0,116.0,60.0,16.0,537.0,267.0,0.0,1.0,1.0,CONTACTLESS_COMMUNICATION_ERROR,KIXCLC_READING_AND_CHECKING_CHIP_INFORMATION,08/06/2022 14:27,4,5,52,64,24.0,66,553.0,78,111
08/06/2022 14:31,53,08/06/2022 14:33,53,___N,DOMESTIC,DOMESTIC,WAHR,2,84,88,11,WITHDRAWAL_NATIONAL,CashOutEmv,5,67,44,28,53,54,1.0,5,15,53,NOK,663.0,0.0,851.0,312.0,126.0,106.0,59.0,0.0,569.0,240.0,0.0,0.0,1.0,CUSTOMER_CANCEL,WAITING_FOR_CARD,08/06/2022 14:35,2,16,53,43,31.0,58,570.0,63,78
08/06/2022 14:32,54,08/06/2022 14:30,54,C23_,DOMESTIC,DOMESTIC,WAHR,8,92,17,11,WITHDRAWAL_NATIONAL,CashOutEmv,78,61,98,77,54,73,1.0,65,33,86,OK,538.0,1.0,860.0,357.0,115.0,147.0,84.0,0.0,621.0,273.0,1.0,4.0,1.0,CUSTOMER_CANCEL,KIXCLC_READING_AND_CHECKING_CHIP_INFORMATION,08/06/2022 14:31,0,5,54,36,24.0,9,561.0,81,77
08/06/2022 14:34,55,08/06/2022 14:35,55,C23_,DOMESTIC,DOMESTIC,WAHR,10,77,68,36,WITHDRAWAL_NATIONAL,CashOutEmv,81,16,75,87,55,19,1.0,85,32,63,CNCL,657.0,1.0,851.0,298.0,137.0,106.0,63.0,0.0,623.0,240.0,0.0,4.0,0.0,CUSTOMER_CANCEL,CUSTOMER_SELECTING_TRANSACTION,08/06/2022 14:30,0,16,55,59,20.0,63,576.0,4,95
08/06/2022 14:30,56,08/06/2022 14:28,56,C23_,DOMESTIC,DOMESTIC,WAHR,5,37,56,49,WITHDRAWAL_NATIONAL,CashOutEmv,30,27,87,58,56,71,1.0,34,69,91,OK,536.0,1.0,831.0,298.0,115.0,137.0,63.0,16.0,726.0,257.0,1.0,0.0,1.0,CONTACTLESS_COMMUNICATION_ERROR,CUSTOMER_SELECTING_TRANSACTION,08/06/2022 14:31,4,18,56,92,21.0,6,576.0,23,99
08/06/2022 14:27,57,08/06/2022 14:26,57,___N,DOMESTIC,DOMESTIC,WAHR,38,47,32,76,WITHDRAWAL_NATIONAL,CashOutEmv,98,6,70,48,57,71,1.0,1,30,77,NOK,536.0,1.0,831.0,357.0,132.0,104.0,84.0,16.0,726.0,245.0,0.0,1.0,0.0,CUSTOMER_CANCEL,KIXCLC_READING_AND_CHECKING_CHIP_INFORMATION,08/06/2022 14:30,2,5,57,42,22.0,5,547.0,58,85
08/06/2022 14:30,58,08/06/2022 14:34,58,C23_,DOMESTIC,DOMESTIC,WAHR,38,61,81,81,WITHDRAWAL_NATIONAL,CashOutEmv,3,0,78,27,58,43,1.0,93,47,33,CNCL,540.0,0.0,942.0,298.0,122.0,104.0,84.0,0.0,726.0,243.0,0.0,1.0,1.0,CUSTOMER_CANCEL,CUSTOMER_SELECTING_TRANSACTION,08/06/2022 14:35,16,18,58,43,21.0,43,568.0,33,108
08/06/2022 14:35,59,08/06/2022 14:28,59,C23_,DOMESTIC,DOMESTIC,WAHR,100,50,72,95,WITHDRAWAL_NATIONAL,CashOutEmv,0,7,46,25,59,44,1.0,98,58,78,OK,536.0,1.0,956.0,320.0,137.0,116.0,73.0,0.0,712.0,238.0,0.0,1.0,1.0,CONTACTLESS_COMMUNICATION_ERROR,KIXCLC_READING_AND_CHECKING_CHIP_INFORMATION,08/06/2022 14:28,4,3,59,83,20.0,6,547.0,5,77
08/06/2022 14:34,60,08/06/2022 14:33,60,C23_,DOMESTIC,DOMESTIC,WAHR,65,68,73,74,WITHDRAWAL_NATIONAL,CashOutEmv,93,25,54,84,60,46,1.0,14,73,8,OK,659.0,1.0,831.0,357.0,137.0,131.0,63.0,4.0,623.0,238.0,1.0,1.0,2.0,CONTACTLESS_COMMUNICATION_ERROR,WAITING_FOR_CARD,08/06/2022 14:31,4,4,60,34,21.0,58,557.0,91,77
08/06/2022 14:27,61,08/06/2022 14:34,61,___N,DOMESTIC,DOMESTIC,WAHR,59,76,100,48,WITHDRAWAL_NATIONAL,CashOutEmv,44,67,50,76,61,34,1.0,30,7,68,NOK,540.0,0.0,958.0,312.0,122.0,116.0,72.0,0.0,569.0,245.0,0.0,4.0,2.0,CONTACTLESS_COMMUNICATION_ERROR,CUSTOMER_ENTERING_PIN,08/06/2022 14:30,2,3,61,69,21.0,33,557.0,13,106
08/06/2022 14:27,62,08/06/2022 14:30,62,___N,DOMESTIC,DOMESTIC,WAHR,36,57,31,74,WITHDRAWAL_NATIONAL,CashOutEmv,44,59,43,24,62,33,1.0,9,30,46,NOK,659.0,1.0,956.0,298.0,114.0,132.0,59.0,2.0,726.0,238.0,1.0,4.0,0.0,CUSTOMER_CANCEL,CUSTOMER_ENTERING_PIN,08/06/2022 14:32,6,5,62,98,24.0,10,570.0,60,108
08/06/2022 14:33,63,08/06/2022 14:30,63,___N,DOMESTIC,DOMESTIC,WAHR,5,4,94,11,WITHDRAWAL_NATIONAL,CashOutEmv,61,36,65,5,63,74,1.0,54,85,85,NOK,641.0,0.0,851.0,342.0,132.0,131.0,88.0,16.0,560.0,240.0,1.0,1.0,0.0,CUSTOMER_CANCEL,CUSTOMER_SELECTING_TRANSACTION,08/06/2022 14:30,3,3,63,34,20.0,14,561.0,85,131
08/06/2022 14:35,64,08/06/2022 14:27,64,C23_,DOMESTIC,DOMESTIC,WAHR,5,36,73,93,WITHDRAWAL_NATIONAL,CashOutEmv,0,44,78,34,64,69,1.0,27,30,45,CNCL,557.0,0.0,851.0,320.0,142.0,104.0,59.0,4.0,726.0,257.0,0.0,1.0,2.0,CONTACTLESS_COMMUNICATION_ERROR,CUSTOMER_ENTERING_PIN,08/06/2022 14:27,16,4,64,65,24.0,88,579.0,44,84
08/06/2022 14:35,65,08/06/2022 14:33,65,C23_,DOMESTIC,DOMESTIC,WAHR,38,80,48,34,WITHDRAWAL_NATIONAL,CashOutEmv,17,85,6,76,65,92,1.0,7,41,92,OK,536.0,0.0,956.0,332.0,116.0,147.0,60.0,2.0,562.0,267.0,1.0,0.0,0.0,CONTACTLESS_COMMUNICATION_ERROR,WAITING_FOR_CARD,08/06/2022 14:35,16,0,65,96,31.0,9,548.0,35,63
08/06/2022 14:29,66,08/06/2022 14:32,66,___N,DOMESTIC,DOMESTIC,WAHR,35,82,99,74,WITHDRAWAL_NATIONAL,CashOutEmv,29,72,47,59,66,46,1.0,76,8,22,NOK,659.0,0.0,977.0,291.0,114.0,137.0,72.0,0.0,621.0,240.0,1.0,1.0,0.0,CUSTOMER_CANCEL,WAITING_FOR_CARD,08/06/2022 14:34,3,5,66,0,31.0,22,576.0,78,77
08/06/2022 14:32,67,08/06/2022 14:35,67,C23_,DOMESTIC,DOMESTIC,WAHR,88,37,32,76,WITHDRAWAL_NATIONAL,CashOutEmv,91,38,44,43,67,32,1.0,93,65,14,OK,671.0,1.0,942.0,351.0,126.0,114.0,59.0,4.0,537.0,246.0,1.0,0.0,1.0,CONTACTLESS_COMMUNICATION_ERROR,KIXCLC_READING_AND_CHECKING_CHIP_INFORMATION,08/06/2022 14:32,3,0,67,63,20.0,40,563.0,18,76
08/06/2022 14:33,68,08/06/2022 14:30,68,___N,DOMESTIC,DOMESTIC,WAHR,49,94,14,39,WITHDRAWAL_NATIONAL,CashOutEmv,34,42,9,79,68,83,1.0,36,85,0,NOK,663.0,0.0,956.0,342.0,137.0,106.0,72.0,4.0,560.0,267.0,1.0,1.0,2.0,CUSTOMER_CANCEL,CUSTOMER_SELECTING_TRANSACTION,08/06/2022 14:32,4,2,68,2,20.0,2,570.0,45,99
08/06/2022 14:28,69,08/06/2022 14:27,69,___N,DOMESTIC,DOMESTIC,WAHR,79,35,61,10,WITHDRAWAL_NATIONAL,CashOutEmv,100,97,3,59,69,39,1.0,38,8,50,OK,538.0,1.0,942.0,342.0,124.0,106.0,72.0,16.0,726.0,246.0,0.0,4.0,1.0,CONTACTLESS_COMMUNICATION_ERROR,CUSTOMER_SELECTING_TRANSACTION,08/06/2022 14:33,3,0,69,69,31.0,82,570.0,56,108
08/06/2022 14:26,70,08/06/2022 14:31,70,C23_,DOMESTIC,DOMESTIC,WAHR,84,48,87,2,WITHDRAWAL_NATIONAL,CashOutEmv,59,36,9,21,70,30,1.0,92,49,54,NOK,556.0,1.0,851.0,351.0,132.0,106.0,61.0,2.0,623.0,240.0,0.0,1.0,1.0,CONTACTLESS_COMMUNICATION_ERROR,CUSTOMER_SELECTING_TRANSACTION,08/06/2022 14:32,4,11,70,57,22.0,35,593.0,55,99
08/06/2022 14:29,71,08/06/2022 14:35,71,C23_,DOMESTIC,DOMESTIC,WAHR,9,0,32,75,WITHDRAWAL_NATIONAL,CashOutEmv,21,68,34,100,71,95,1.0,85,64,50,OK,540.0,1.0,977.0,306.0,142.0,137.0,88.0,4.0,562.0,238.0,0.0,0.0,2.0,CONTACTLESS_COMMUNICATION_ERROR,KIXCLC_READING_AND_CHECKING_CHIP_INFORMATION,08/06/2022 14:26,4,18,71,76,31.0,40,576.0,79,111
08/06/2022 14:31,72,08/06/2022 14:33,72,C23_,DOMESTIC,DOMESTIC,WAHR,4,49,56,46,WITHDRAWAL_NATIONAL,CashOutEmv,63,91,94,12,72,47,1.0,87,91,9,CNCL,540.0,0.0,942.0,298.0,117.0,131.0,61.0,16.0,560.0,240.0,0.0,4.0,2.0,CONTACTLESS_COMMUNICATION_ERROR,WAITING_FOR_CARD,08/06/2022 14:30,2,16,72,1,21.0,74,548.0,61,78
08/06/2022 14:35,73,08/06/2022 14:27,73,C23_,DOMESTIC,DOMESTIC,WAHR,49,57,28,51,WITHDRAWAL_NATIONAL,CashOutEmv,94,13,1,98,73,1,1.0,37,50,33,CNCL,641.0,1.0,977.0,298.0,124.0,131.0,60.0,2.0,717.0,238.0,0.0,4.0,1.0,CUSTOMER_CANCEL,WAITING_FOR_CARD,08/06/2022 14:29,0,16,73,7,31.0,32,579.0,47,99
08/06/2022 14:30,74,08/06/2022 14:29,74,C23_,DOMESTIC,DOMESTIC,WAHR,24,9,43,41,WITHDRAWAL_NATIONAL,CashOutEmv,17,13,38,5,74,32,1.0,20,48,40,CNCL,659.0,0.0,977.0,332.0,114.0,116.0,73.0,16.0,569.0,243.0,0.0,1.0,0.0,CONTACTLESS_COMMUNICATION_ERROR,CUSTOMER_SELECTING_TRANSACTION,08/06/2022 14:33,2,18,74,39,31.0,51,601.0,62,78
08/06/2022 14:30,75,08/06/2022 14:31,75,C23_,DOMESTIC,DOMESTIC,WAHR,94,50,97,91,WITHDRAWAL_NATIONAL,CashOutEmv,38,41,78,20,75,63,1.0,13,89,40,NOK,538.0,1.0,825.0,306.0,117.0,147.0,85.0,16.0,569.0,269.0,1.0,0.0,0.0,CONTACTLESS_COMMUNICATION_ERROR,KIXCLC_READING_AND_CHECKING_CHIP_INFORMATION,08/06/2022 14:35,6,2,75,34,24.0,22,579.0,16,77
08/06/2022 14:32,76,08/06/2022 14:33,76,C23_,DOMESTIC,DOMESTIC,WAHR,2,97,50,3,WITHDRAWAL_NATIONAL,CashOutEmv,79,72,80,31,76,45,1.0,40,29,7,NOK,641.0,0.0,825.0,298.0,114.0,104.0,73.0,4.0,713.0,243.0,1.0,0.0,2.0,CUSTOMER_CANCEL,CUSTOMER_ENTERING_PIN,08/06/2022 14:35,3,11,76,95,20.0,21,562.0,36,85
08/06/2022 14:30,77,08/06/2022 14:29,77,C23_,DOMESTIC,DOMESTIC,WAHR,83,48,46,16,WITHDRAWAL_NATIONAL,CashOutEmv,1,6,94,98,77,55,1.0,50,71,26,OK,556.0,0.0,929.0,298.0,137.0,114.0,72.0,16.0,621.0,243.0,1.0,0.0,1.0,CUSTOMER_CANCEL,CUSTOMER_SELECTING_TRANSACTION,08/06/2022 14:28,2,3,77,88,24.0,56,548.0,92,108
08/06/2022 14:30,78,08/06/2022 14:32,78,___N,DOMESTIC,DOMESTIC,WAHR,3,12,72,63,WITHDRAWAL_NATIONAL,CashOutEmv,15,94,50,23,78,64,1.0,54,26,29,OK,671.0,0.0,929.0,320.0,122.0,137.0,84.0,4.0,623.0,245.0,1.0,4.0,2.0,CONTACTLESS_COMMUNICATION_ERROR,CUSTOMER_ENTERING_PIN,08/06/2022 14:35,2,18,78,78,24.0,42,557.0,54,63
08/06/2022 14:29,79,08/06/2022 14:32,79,C23_,DOMESTIC,DOMESTIC,WAHR,77,70,37,64,WITHDRAWAL_NATIONAL,CashOutEmv,86,12,13,19,79,85,1.0,65,95,50,CNCL,641.0,0.0,942.0,291.0,137.0,137.0,73.0,0.0,712.0,240.0,1.0,4.0,2.0,CONTACTLESS_COMMUNICATION_ERROR,KIXCLC_READING_AND_CHECKING_CHIP_INFORMATION,08/06/2022 14:32,2,2,79,56,24.0,73,562.0,64,79
08/06/2022 14:30,80,08/06/2022 14:33,80,___N,DOMESTIC,DOMESTIC,WAHR,11,36,2,13,WITHDRAWAL_NATIONAL,CashOutEmv,17,98,86,85,80,22,1.0,72,14,57,NOK,657.0,1.0,851.0,312.0,117.0,147.0,63.0,0.0,562.0,267.0,1.0,1.0,0.0,CONTACTLESS_COMMUNICATION_ERROR,CUSTOMER_ENTERING_PIN,08/06/2022 14:26,6,0,80,51,21.0,80,592.0,94,85
08/06/2022 14:30,81,08/06/2022 14:35,81,C23_,DOMESTIC,DOMESTIC,WAHR,13,99,17,38,WITHDRAWAL_NATIONAL,CashOutEmv,53,3,46,47,81,27,1.0,58,19,17,NOK,556.0,1.0,958.0,342.0,114.0,137.0,88.0,0.0,713.0,246.0,1.0,0.0,1.0,CUSTOMER_CANCEL,CUSTOMER_SELECTING_TRANSACTION,08/06/2022 14:28,6,4,81,95,20.0,43,568.0,40,99
08/06/2022 14:34,82,08/06/2022 14:27,82,___N,DOMESTIC,DOMESTIC,WAHR,100,36,15,4,WITHDRAWAL_NATIONAL,CashOutEmv,22,16,99,6,82,5,1.0,73,8,10,NOK,657.0,0.0,956.0,332.0,142.0,131.0,85.0,0.0,562.0,245.0,0.0,0.0,1.0,CUSTOMER_CANCEL,CUSTOMER_ENTERING_PIN,08/06/2022 14:32,3,4,82,21,31.0,87,579.0,45,84
08/06/2022 14:30,83,08/06/2022 14:35,83,C23_,DOMESTIC,DOMESTIC,WAHR,81,30,67,3,WITHDRAWAL_NATIONAL,CashOutEmv,77,5,87,68,83,35,1.0,49,39,43,NOK,659.0,1.0,831.0,332.0,126.0,116.0,59.0,2.0,712.0,245.0,0.0,4.0,1.0,CUSTOMER_CANCEL,CUSTOMER_SELECTING_TRANSACTION,08/06/2022 14:34,16,0,83,83,21.0,91,593.0,10,99
08/06/2022 14:29,84,08/06/2022 14:32,84,C23_,DOMESTIC,DOMESTIC,WAHR,26,19,85,19,WITHDRAWAL_NATIONAL,CashOutEmv,47,40,37,73,84,35,1.0,17,29,62,CNCL,641.0,0.0,958.0,320.0,117.0,116.0,73.0,4.0,726.0,246.0,0.0,4.0,0.0,CONTACTLESS_COMMUNICATION_ERROR,CUSTOMER_ENTERING_PIN,08/06/2022 14:33,0,18,84,31,24.0,54,548.0,24,63
08/06/2022 14:33,85,08/06/2022 14:26,85,C23_,DOMESTIC,DOMESTIC,WAHR,70,38,93,81,WITHDRAWAL_NATIONAL,CashOutEmv,66,55,93,24,85,67,1.0,49,23,97,NOK,657.0,1.0,851.0,351.0,117.0,104.0,88.0,4.0,562.0,243.0,0.0,0.0,1.0,CUSTOMER_CANCEL,CUSTOMER_ENTERING_PIN,08/06/2022 14:27,16,0,85,87,21.0,87,557.0,18,109
08/06/2022 14:31,86,08/06/2022 14:29,86,___N,DOMESTIC,DOMESTIC,WAHR,47,44,22,16,WITHDRAWAL_NATIONAL,CashOutEmv,11,29,90,47,86,28,1.0,89,77,65,NOK,671.0,1.0,825.0,332.0,114.0,137.0,84.0,0.0,537.0,257.0,1.0,1.0,2.0,CONTACTLESS_COMMUNICATION_ERROR,CUSTOMER_ENTERING_PIN,08/06/2022 14:27,3,11,86,48,21.0,57,576.0,33,85
08/06/2022 14:31,87,08/06/2022 14:34,87,C23_,DOMESTIC,DOMESTIC,WAHR,98,35,82,71,WITHDRAWAL_NATIONAL,CashOutEmv,9,53,82,32,87,91,1.0,87,40,19,CNCL,671.0,0.0,956.0,298.0,126.0,116.0,84.0,16.0,726.0,267.0,0.0,1.0,0.0,CUSTOMER_CANCEL,CUSTOMER_ENTERING_PIN,08/06/2022 14:26,16,2,87,49,24.0,78,601.0,41,131
08/06/2022 14:26,88,08/06/2022 14:30,88,___N,DOMESTIC,DOMESTIC,WAHR,21,14,7,24,WITHDRAWAL_NATIONAL,CashOutEmv,40,22,86,74,88,9,1.0,57,1,93,CNCL,641.0,1.0,958.0,306.0,124.0,114.0,73.0,4.0,621.0,240.0,1.0,1.0,2.0,CUSTOMER_CANCEL,CUSTOMER_SELECTING_TRANSACTION,08/06/2022 14:27,16,0,88,60,24.0,46,547.0,6,99
08/06/2022 14:27,89,08/06/2022 14:27,89,___N,DOMESTIC,DOMESTIC,WAHR,20,29,55,11,WITHDRAWAL_NATIONAL,CashOutEmv,54,23,6,90,89,43,1.0,74,89,6,OK,659.0,0.0,860.0,306.0,116.0,104.0,85.0,0.0,713.0,246.0,1.0,4.0,2.0,CONTACTLESS_COMMUNICATION_ERROR,CUSTOMER_ENTERING_PIN,08/06/2022 14:30,0,0,89,61,21.0,32,561.0,99,95
08/06/2022 14:31,90,08/06/2022 14:30,90,C23_,DOMESTIC,DOMESTIC,WAHR,42,51,49,22,WITHDRAWAL_NATIONAL,CashOutEmv,51,36,74,91,90,3,1.0,90,88,5,CNCL,641.0,0.0,860.0,298.0,124.0,132.0,60.0,16.0,560.0,238.0,1.0,1.0,1.0,CUSTOMER_CANCEL,CUSTOMER_ENTERING_PIN,08/06/2022 14:27,0,18,90,99,21.0,9,561.0,57,131
08/06/2022 14:35,91,08/06/2022 14:31,91,C23_,DOMESTIC,DOMESTIC,WAHR,57,60,26,60,WITHDRAWAL_NATIONAL,CashOutEmv,47,59,43,16,91,11,1.0,13,30,68,OK,556.0,1.0,956.0,298.0,115.0,106.0,59.0,0.0,712.0,267.0,1.0,4.0,0.0,CONTACTLESS_COMMUNICATION_ERROR,WAITING_FOR_CARD,08/06/2022 14:26,6,16,91,50,20.0,96,593.0,66,63
08/06/2022 14:29,92,08/06/2022 14:26,92,C23_,DOMESTIC,DOMESTIC,WAHR,17,81,4,91,WITHDRAWAL_NATIONAL,CashOutEmv,4,34,1,98,92,51,1.0,31,41,66,CNCL,556.0,0.0,831.0,298.0,115.0,114.0,59.0,4.0,569.0,238.0,1.0,0.0,2.0,CUSTOMER_CANCEL,CUSTOMER_ENTERING_PIN,08/06/2022 14:29,6,11,92,32,20.0,22,567.0,80,107
08/06/2022 14:26,93,08/06/2022 14:29,93,___N,DOMESTIC,DOMESTIC,WAHR,89,67,89,2,WITHDRAWAL_NATIONAL,CashOutEmv,10,70,73,22,93,86,1.0,21,80,40,CNCL,557.0,0.0,831.0,320.0,137.0,137.0,61.0,0.0,712.0,257.0,0.0,0.0,1.0,CUSTOMER_CANCEL,WAITING_FOR_CARD,08/06/2022 14:34,16,11,93,64,24.0,55,981.0,30,131
08/06/2022 14:31,94,08/06/2022 14:27,94,C23_,DOMESTIC,DOMESTIC,WAHR,85,29,26,8,WITHDRAWAL_NATIONAL,CashOutEmv,6,6,90,28,94,4,1.0,97,62,80,NOK,536.0,0.0,942.0,357.0,142.0,106.0,73.0,16.0,537.0,273.0,0.0,0.0,2.0,CONTACTLESS_COMMUNICATION_ERROR,CUSTOMER_SELECTING_TRANSACTION,08/06/2022 14:30,2,0,94,20,24.0,100,567.0,60,111
08/06/2022 14:26,95,08/06/2022 14:30,95,___N,DOMESTIC,DOMESTIC,WAHR,55,27,60,72,WITHDRAWAL_NATIONAL,CashOutEmv,44,88,48,28,95,29,1.0,1,75,71,NOK,538.0,0.0,831.0,306.0,122.0,114.0,88.0,2.0,560.0,273.0,1.0,0.0,2.0,CUSTOMER_CANCEL,CUSTOMER_ENTERING_PIN,08/06/2022 14:35,3,11,95,72,21.0,47,577.0,63,106
08/06/2022 14:27,96,08/06/2022 14:30,96,___N,DOMESTIC,DOMESTIC,WAHR,100,3,83,89,WITHDRAWAL_NATIONAL,CashOutEmv,72,76,79,78,96,60,1.0,96,71,40,CNCL,556.0,1.0,831.0,332.0,114.0,106.0,59.0,0.0,623.0,243.0,1.0,4.0,1.0,CUSTOMER_CANCEL,CUSTOMER_ENTERING_PIN,08/06/2022 14:27,0,0,96,43,22.0,30,567.0,81,79
08/06/2022 14:28,97,08/06/2022 14:30,97,___N,DOMESTIC,DOMESTIC,WAHR,68,33,78,38,WITHDRAWAL_NATIONAL,CashOutEmv,8,17,17,89,97,44,1.0,43,85,24,NOK,671.0,1.0,860.0,351.0,142.0,116.0,84.0,0.0,713.0,273.0,0.0,0.0,2.0,CONTACTLESS_COMMUNICATION_ERROR,CUSTOMER_SELECTING_TRANSACTION,08/06/2022 14:30,0,5,97,69,20.0,8,553.0,31,79
08/06/2022 14:30,98,08/06/2022 14:26,98,C23_,DOMESTIC,DOMESTIC,WAHR,98,51,18,52,WITHDRAWAL_NATIONAL,CashOutEmv,72,95,19,5,98,2,1.0,55,88,87,OK,556.0,1.0,956.0,298.0,137.0,131.0,63.0,2.0,621.0,246.0,1.0,0.0,0.0,CONTACTLESS_COMMUNICATION_ERROR,CUSTOMER_ENTERING_PIN,08/06/2022 14:32,0,5,98,40,22.0,97,577.0,59,63
08/06/2022 14:28,99,08/06/2022 14:26,99,___N,DOMESTIC,DOMESTIC,WAHR,11,27,96,97,WITHDRAWAL_NATIONAL,CashOutEmv,18,48,19,66,99,94,1.0,70,37,52,CNCL,556.0,1.0,942.0,298.0,122.0,147.0,85.0,16.0,560.0,243.0,1.0,1.0,1.0,CUSTOMER_CANCEL,WAITING_FOR_CARD,08/06/2022 14:30,16,11,99,25,21.0,12,561.0,21,95
08/06/2022 14:26,100,08/06/2022 14:34,100,C23_,DOMESTIC,DOMESTIC,WAHR,98,100,91,88,WITHDRAWAL_NATIONAL,CashOutEmv,2,37,65,35,100,69,1.0,34,43,22,OK,663.0,1.0,851.0,351.0,132.0,131.0,73.0,0.0,717.0,257.0,1.0,4.0,0.0,CONTACTLESS_COMMUNICATION_ERROR,WAITING_FOR_CARD,08/06/2022 14:28,2,4,100,70,31.0,97,593.0,96,109
08/06/2022 14:29,101,08/06/2022 14:30,101,C23_,DOMESTIC,DOMESTIC,WAHR,97,56,36,63,WITHDRAWAL_NATIONAL,CashOutEmv,69,0,27,75,101,47,1.0,94,59,41,CNCL,663.0,0.0,831.0,291.0,124.0,114.0,59.0,0.0,562.0,273.0,1.0,0.0,0.0,CUSTOMER_CANCEL,KIXCLC_READING_AND_CHECKING_CHIP_INFORMATION,08/06/2022 14:33,6,2,101,18,31.0,88,601.0,61,131
08/06/2022 14:28,102,08/06/2022 14:32,102,C23_,DOMESTIC,DOMESTIC,WAHR,19,21,20,21,WITHDRAWAL_NATIONAL,CashOutEmv,93,74,100,51,102,76,1.0,46,36,6,CNCL,556.0,1.0,860.0,298.0,132.0,106.0,63.0,16.0,621.0,273.0,1.0,4.0,0.0,CONTACTLESS_COMMUNICATION_ERROR,CUSTOMER_ENTERING_PIN,08/06/2022 14:30,6,4,102,87,31.0,40,548.0,87,85
08/06/2022 14:26,103,08/06/2022 14:35,103,C23_,DOMESTIC,DOMESTIC,WAHR,11,39,3,4,WITHDRAWAL_NATIONAL,CashOutEmv,100,4,35,77,103,17,1.0,90,32,78,CNCL,663.0,1.0,851.0,342.0,122.0,114.0,85.0,0.0,560.0,246.0,0.0,4.0,2.0,CUSTOMER_CANCEL,KIXCLC_READING_AND_CHECKING_CHIP_INFORMATION,08/06/2022 14:28,2,4,103,69,31.0,36,562.0,61,85
08/06/2022 14:33,104,08/06/2022 14:29,104,C23_,DOMESTIC,DOMESTIC,WAHR,97,74,18,31,WITHDRAWAL_NATIONAL,CashOutEmv,29,95,9,99,104,79,1.0,100,73,51,CNCL,671.0,1.0,831.0,357.0,117.0,137.0,72.0,16.0,717.0,267.0,1.0,4.0,1.0,CUSTOMER_CANCEL,CUSTOMER_ENTERING_PIN,08/06/2022 14:31,3,2,104,74,21.0,35,571.0,28,79
08/06/2022 14:31,105,08/06/2022 14:29,105,___N,DOMESTIC,DOMESTIC,WAHR,25,29,77,75,WITHDRAWAL_NATIONAL,CashOutEmv,27,60,13,56,105,56,1.0,17,16,39,CNCL,557.0,0.0,825.0,342.0,115.0,116.0,84.0,2.0,537.0,240.0,0.0,4.0,2.0,CUSTOMER_CANCEL,WAITING_FOR_CARD,08/06/2022 14:35,3,11,105,99,20.0,6,568.0,91,108
08/06/2022 14:35,106,08/06/2022 14:28,106,C23_,DOMESTIC,DOMESTIC,WAHR,97,29,51,37,WITHDRAWAL_NATIONAL,CashOutEmv,17,10,53,95,106,41,1.0,12,35,24,NOK,536.0,0.0,825.0,351.0,142.0,131.0,88.0,16.0,569.0,246.0,1.0,1.0,0.0,CUSTOMER_CANCEL,CUSTOMER_ENTERING_PIN,08/06/2022 14:28,2,2,106,53,20.0,47,576.0,11,111
08/06/2022 14:26,107,08/06/2022 14:27,107,C23_,DOMESTIC,DOMESTIC,WAHR,95,61,49,7,WITHDRAWAL_NATIONAL,CashOutEmv,58,29,70,94,107,24,1.0,52,3,31,OK,657.0,1.0,942.0,351.0,115.0,106.0,61.0,0.0,562.0,246.0,0.0,0.0,1.0,CONTACTLESS_COMMUNICATION_ERROR,CUSTOMER_SELECTING_TRANSACTION,08/06/2022 14:35,6,4,107,50,22.0,25,553.0,73,76
08/06/2022 14:28,108,08/06/2022 14:28,108,C23_,DOMESTIC,DOMESTIC,WAHR,45,58,31,22,WITHDRAWAL_NATIONAL,CashOutEmv,11,97,88,5,108,85,1.0,47,39,20,CNCL,663.0,1.0,929.0,306.0,137.0,106.0,60.0,16.0,562.0,267.0,0.0,0.0,2.0,CUSTOMER_CANCEL,KIXCLC_READING_AND_CHECKING_CHIP_INFORMATION,08/06/2022 14:32,3,0,108,20,24.0,50,567.0,3,79
08/06/2022 14:33,109,08/06/2022 14:27,109,___N,DOMESTIC,DOMESTIC,WAHR,6,24,97,42,WITHDRAWAL_NATIONAL,CashOutEmv,49,13,10,29,109,3,1.0,39,37,18,NOK,657.0,1.0,860.0,332.0,114.0,137.0,61.0,0.0,560.0,245.0,1.0,4.0,2.0,CUSTOMER_CANCEL,CUSTOMER_ENTERING_PIN,08/06/2022 14:31,0,0,109,64,31.0,5,981.0,80,111
08/06/2022 14:28,110,08/06/2022 14:29,110,___N,DOMESTIC,DOMESTIC,WAHR,89,16,18,59,WITHDRAWAL_NATIONAL,CashOutEmv,72,19,43,91,110,60,1.0,48,3,35,CNCL,556.0,1.0,977.0,320.0,126.0,116.0,88.0,4.0,621.0,243.0,1.0,1.0,2.0,CONTACTLESS_COMMUNICATION_ERROR,WAITING_FOR_CARD,08/06/2022 14:34,0,18,110,45,20.0,39,563.0,51,111
08/06/2022 14:35,111,08/06/2022 14:30,111,C23_,DOMESTIC,DOMESTIC,WAHR,88,64,12,95,WITHDRAWAL_NATIONAL,CashOutEmv,88,41,5,53,111,46,1.0,55,40,96,CNCL,663.0,0.0,851.0,306.0,124.0,131.0,63.0,2.0,713.0,257.0,1.0,1.0,2.0,CUSTOMER_CANCEL,WAITING_FOR_CARD,08/06/2022 14:34,6,11,111,95,21.0,41,593.0,73,106
08/06/2022 14:28,112,08/06/2022 14:27,112,___N,DOMESTIC,DOMESTIC,WAHR,38,100,91,54,WITHDRAWAL_NATIONAL,CashOutEmv,3,76,40,65,112,31,1.0,25,58,84,OK,540.0,0.0,825.0,298.0,126.0,132.0,84.0,2.0,726.0,267.0,1.0,1.0,1.0,CUSTOMER_CANCEL,CUSTOMER_ENTERING_PIN,08/06/2022 14:33,2,11,112,7,24.0,60,582.0,19,79
08/06/2022 14:29,113,08/06/2022 14:27,113,C23_,DOMESTIC,DOMESTIC,WAHR,51,98,98,73,WITHDRAWAL_NATIONAL,CashOutEmv,11,44,15,61,113,70,1.0,64,99,88,CNCL,663.0,1.0,929.0,342.0,114.0,106.0,60.0,16.0,713.0,243.0,1.0,4.0,1.0,CUSTOMER_CANCEL,WAITING_FOR_CARD,08/06/2022 14:34,2,3,113,80,22.0,63,562.0,67,77
08/06/2022 14:29,114,08/06/2022 14:26,114,___N,DOMESTIC,DOMESTIC,WAHR,16,13,71,51,WITHDRAWAL_NATIONAL,CashOutEmv,57,51,14,26,114,51,1.0,60,1,96,OK,663.0,1.0,977.0,312.0,122.0,137.0,85.0,2.0,712.0,245.0,1.0,4.0,1.0,CONTACTLESS_COMMUNICATION_ERROR,CUSTOMER_ENTERING_PIN,08/06/2022 14:34,3,18,114,99,22.0,43,548.0,32,76
08/06/2022 14:28,115,08/06/2022 14:33,115,C23_,DOMESTIC,DOMESTIC,WAHR,23,1,94,82,WITHDRAWAL_NATIONAL,CashOutEmv,50,16,85,28,115,97,1.0,30,3,91,CNCL,663.0,1.0,860.0,320.0,126.0,131.0,63.0,0.0,712.0,269.0,0.0,0.0,1.0,CONTACTLESS_COMMUNICATION_ERROR,WAITING_FOR_CARD,08/06/2022 14:26,6,16,115,81,20.0,25,553.0,73,78
08/06/2022 14:29,116,08/06/2022 14:34,116,___N,DOMESTIC,DOMESTIC,WAHR,90,2,45,23,WITHDRAWAL_NATIONAL,CashOutEmv,15,37,0,39,116,47,1.0,100,11,44,NOK,540.0,0.0,958.0,332.0,122.0,132.0,59.0,2.0,569.0,273.0,1.0,1.0,2.0,CONTACTLESS_COMMUNICATION_ERROR,CUSTOMER_ENTERING_PIN,08/06/2022 14:27,6,18,116,62,21.0,49,567.0,14,131
08/06/2022 14:30,117,08/06/2022 14:30,117,___N,DOMESTIC,DOMESTIC,WAHR,3,66,80,83,WITHDRAWAL_NATIONAL,CashOutEmv,57,14,35,97,117,11,1.0,92,3,100,CNCL,641.0,1.0,942.0,342.0,115.0,104.0,73.0,2.0,717.0,240.0,0.0,0.0,0.0,CUSTOMER_CANCEL,CUSTOMER_ENTERING_PIN,08/06/2022 14:35,16,3,117,55,21.0,97,548.0,57,109
08/06/2022 14:27,118,08/06/2022 14:29,118,C23_,DOMESTIC,DOMESTIC,WAHR,90,19,65,25,WITHDRAWAL_NATIONAL,CashOutEmv,3,36,97,47,118,62,1.0,87,59,82,NOK,657.0,1.0,831.0,312.0,114.0,137.0,88.0,0.0,537.0,267.0,1.0,0.0,2.0,CONTACTLESS_COMMUNICATION_ERROR,WAITING_FOR_CARD,08/06/2022 14:35,3,3,118,80,20.0,58,579.0,47,99
08/06/2022 14:28,119,08/06/2022 14:31,119,___N,DOMESTIC,DOMESTIC,WAHR,46,76,88,57,WITHDRAWAL_NATIONAL,CashOutEmv,100,4,14,32,119,8,1.0,79,12,22,NOK,641.0,0.0,860.0,351.0,142.0,114.0,85.0,4.0,621.0,273.0,1.0,1.0,2.0,CUSTOMER_CANCEL,KIXCLC_READING_AND_CHECKING_CHIP_INFORMATION,08/06/2022 14:33,6,11,119,20,20.0,77,557.0,59,131
08/06/2022 14:35,120,08/06/2022 14:32,120,C23_,DOMESTIC,DOMESTIC,WAHR,29,30,16,69,WITHDRAWAL_NATIONAL,CashOutEmv,60,47,6,4,120,62,1.0,38,96,98,NOK,663.0,0.0,825.0,357.0,122.0,116.0,73.0,16.0,621.0,257.0,0.0,4.0,1.0,CUSTOMER_CANCEL,CUSTOMER_SELECTING_TRANSACTION,08/06/2022 14:34,6,4,120,35,20.0,52,561.0,88,109
08/06/2022 14:27,121,08/06/2022 14:29,121,___N,DOMESTIC,DOMESTIC,WAHR,2,39,45,89,WITHDRAWAL_NATIONAL,CashOutEmv,39,0,88,54,121,3,1.0,86,39,31,NOK,641.0,1.0,929.0,320.0,117.0,147.0,84.0,2.0,537.0,246.0,1.0,4.0,2.0,CUSTOMER_CANCEL,CUSTOMER_SELECTING_TRANSACTION,08/06/2022 14:31,16,2,121,35,20.0,45,577.0,20,109
08/06/2022 14:30,122,08/06/2022 14:28,122,C23_,DOMESTIC,DOMESTIC,WAHR,5,85,91,45,WITHDRAWAL_NATIONAL,CashOutEmv,85,49,3,0,122,55,1.0,48,50,50,CNCL,663.0,1.0,831.0,298.0,142.0,106.0,88.0,2.0,621.0,243.0,0.0,1.0,2.0,CONTACTLESS_COMMUNICATION_ERROR,KIXCLC_READING_AND_CHECKING_CHIP_INFORMATION,08/06/2022 14:28,3,16,122,23,21.0,7,547.0,97,111
08/06/2022 14:32,123,08/06/2022 14:35,123,C23_,DOMESTIC,DOMESTIC,WAHR,71,77,37,88,WITHDRAWAL_NATIONAL,CashOutEmv,29,37,68,11,123,54,1.0,7,0,18,CNCL,540.0,1.0,860.0,320.0,137.0,104.0,63.0,2.0,562.0,240.0,1.0,0.0,2.0,CONTACTLESS_COMMUNICATION_ERROR,CUSTOMER_SELECTING_TRANSACTION,08/06/2022 14:34,6,5,123,88,21.0,79,563.0,84,79
08/06/2022 14:34,124,08/06/2022 14:34,124,___N,DOMESTIC,DOMESTIC,WAHR,15,49,50,51,WITHDRAWAL_NATIONAL,CashOutEmv,53,75,95,51,124,41,1.0,37,54,78,NOK,536.0,1.0,929.0,351.0,117.0,132.0,84.0,2.0,562.0,246.0,1.0,1.0,1.0,CONTACTLESS_COMMUNICATION_ERROR,CUSTOMER_SELECTING_TRANSACTION,08/06/2022 14:34,16,2,124,57,20.0,19,582.0,88,76
08/06/2022 14:28,125,08/06/2022 14:27,125,C23_,DOMESTIC,DOMESTIC,WAHR,78,26,24,59,WITHDRAWAL_NATIONAL,CashOutEmv,67,44,27,99,125,54,1.0,66,54,7,NOK,540.0,0.0,977.0,312.0,132.0,106.0,59.0,0.0,569.0,273.0,0.0,0.0,1.0,CUSTOMER_CANCEL,WAITING_FOR_CARD,08/06/2022 14:33,16,5,125,10,21.0,51,553.0,7,109
08/06/2022 14:29,126,08/06/2022 14:30,126,C23_,DOMESTIC,DOMESTIC,WAHR,35,12,48,44,WITHDRAWAL_NATIONAL,CashOutEmv,56,69,67,68,126,25,1.0,77,87,11,OK,536.0,0.0,977.0,306.0,132.0,147.0,73.0,2.0,726.0,269.0,0.0,1.0,2.0,CONTACTLESS_COMMUNICATION_ERROR,KIXCLC_READING_AND_CHECKING_CHIP_INFORMATION,08/06/2022 14:29,3,16,126,21,22.0,51,570.0,76,106
08/06/2022 14:26,127,08/06/2022 14:26,127,C23_,DOMESTIC,DOMESTIC,WAHR,52,64,76,26,WITHDRAWAL_NATIONAL,CashOutEmv,75,16,34,26,127,6,1.0,20,71,63,CNCL,540.0,1.0,942.0,351.0,117.0,104.0,60.0,0.0,717.0,243.0,0.0,1.0,0.0,CONTACTLESS_COMMUNICATION_ERROR,CUSTOMER_SELECTING_TRANSACTION,08/06/2022 14:32,16,11,127,84,21.0,34,557.0,10,111
08/06/2022 14:26,128,08/06/2022 14:34,128,___N,DOMESTIC,DOMESTIC,WAHR,7,1,4,43,WITHDRAWAL_NATIONAL,CashOutEmv,79,16,41,15,128,71,1.0,46,59,74,OK,671.0,0.0,825.0,320.0,116.0,137.0,63.0,16.0,712.0,257.0,1.0,1.0,1.0,CONTACTLESS_COMMUNICATION_ERROR,CUSTOMER_ENTERING_PIN,08/06/2022 14:26,16,2,128,91,21.0,95,562.0,72,108
08/06/2022 14:32,129,08/06/2022 14:29,129,C23_,DOMESTIC,DOMESTIC,WAHR,51,36,51,32,WITHDRAWAL_NATIONAL,CashOutEmv,45,10,13,92,129,63,1.0,93,65,57,NOK,536.0,1.0,860.0,320.0,122.0,104.0,59.0,0.0,562.0,243.0,1.0,1.0,1.0,CUSTOMER_CANCEL,CUSTOMER_SELECTING_TRANSACTION,08/06/2022 14:31,16,11,129,20,24.0,26,582.0,1,111
08/06/2022 14:26,130,08/06/2022 14:35,130,___N,DOMESTIC,DOMESTIC,WAHR,51,10,46,30,WITHDRAWAL_NATIONAL,CashOutEmv,90,5,17,16,130,93,1.0,32,98,58,OK,663.0,1.0,942.0,357.0,132.0,131.0,63.0,16.0,713.0,240.0,0.0,4.0,0.0,CONTACTLESS_COMMUNICATION_ERROR,CUSTOMER_SELECTING_TRANSACTION,08/06/2022 14:26,4,2,130,84,21.0,53,981.0,92,95
08/06/2022 14:32,131,08/06/2022 14:31,131,C23_,DOMESTIC,DOMESTIC,WAHR,29,32,40,14,WITHDRAWAL_NATIONAL,CashOutEmv,79,23,40,70,131,69,1.0,52,13,38,OK,671.0,1.0,977.0,291.0,132.0,116.0,61.0,4.0,560.0,246.0,0.0,1.0,0.0,CUSTOMER_CANCEL,CUSTOMER_ENTERING_PIN,08/06/2022 14:35,2,5,131,82,20.0,68,577.0,92,107
08/06/2022 14:29,132,08/06/2022 14:31,132,C23_,DOMESTIC,DOMESTIC,WAHR,55,28,14,71,WITHDRAWAL_NATIONAL,CashOutEmv,97,47,74,95,132,38,1.0,55,56,41,NOK,536.0,0.0,825.0,351.0,142.0,106.0,60.0,2.0,623.0,243.0,0.0,0.0,2.0,CUSTOMER_CANCEL,WAITING_FOR_CARD,08/06/2022 14:27,2,0,132,19,20.0,57,548.0,38,77
08/06/2022 14:29,133,08/06/2022 14:27,133,C23_,DOMESTIC,DOMESTIC,WAHR,11,58,10,96,WITHDRAWAL_NATIONAL,CashOutEmv,11,67,38,2,133,67,1.0,19,30,86,OK,557.0,0.0,942.0,351.0,126.0,114.0,60.0,2.0,621.0,240.0,1.0,0.0,2.0,CUSTOMER_CANCEL,KIXCLC_READING_AND_CHECKING_CHIP_INFORMATION,08/06/2022 14:34,6,18,133,74,20.0,89,567.0,80,107
08/06/2022 14:34,134,08/06/2022 14:33,134,___N,DOMESTIC,DOMESTIC,WAHR,67,66,27,61,WITHDRAWAL_NATIONAL,CashOutEmv,5,38,42,17,134,7,1.0,56,85,64,OK,557.0,0.0,942.0,357.0,142.0,116.0,60.0,2.0,717.0,245.0,0.0,0.0,1.0,CUSTOMER_CANCEL,WAITING_FOR_CARD,08/06/2022 14:29,0,3,134,71,31.0,89,560.0,28,79
08/06/2022 14:34,135,08/06/2022 14:34,135,C23_,DOMESTIC,DOMESTIC,WAHR,77,92,78,1,WITHDRAWAL_NATIONAL,CashOutEmv,30,18,67,65,135,43,1.0,22,81,34,CNCL,556.0,0.0,977.0,332.0,132.0,147.0,85.0,4.0,726.0,269.0,0.0,1.0,0.0,CONTACTLESS_COMMUNICATION_ERROR,CUSTOMER_ENTERING_PIN,08/06/2022 14:32,0,4,135,42,21.0,20,548.0,69,111
08/06/2022 14:34,136,08/06/2022 14:32,136,C23_,DOMESTIC,DOMESTIC,WAHR,55,65,13,47,WITHDRAWAL_NATIONAL,CashOutEmv,58,94,27,32,136,23,1.0,86,23,81,NOK,641.0,0.0,851.0,291.0,142.0,114.0,88.0,2.0,717.0,238.0,1.0,4.0,2.0,CONTACTLESS_COMMUNICATION_ERROR,KIXCLC_READING_AND_CHECKING_CHIP_INFORMATION,08/06/2022 14:35,2,4,136,63,24.0,64,592.0,33,106
08/06/2022 14:28,137,08/06/2022 14:30,137,___N,DOMESTIC,DOMESTIC,WAHR,88,77,4,43,WITHDRAWAL_NATIONAL,CashOutEmv,68,80,60,97,137,88,1.0,60,35,42,CNCL,540.0,1.0,825.0,291.0,115.0,106.0,72.0,16.0,569.0,257.0,0.0,0.0,0.0,CONTACTLESS_COMMUNICATION_ERROR,WAITING_FOR_CARD,08/06/2022 14:30,0,11,137,95,20.0,55,579.0,68,107
08/06/2022 14:29,138,08/06/2022 14:33,138,___N,DOMESTIC,DOMESTIC,WAHR,68,83,86,90,WITHDRAWAL_NATIONAL,CashOutEmv,59,31,15,38,138,29,1.0,34,33,52,CNCL,557.0,0.0,958.0,357.0,114.0,106.0,61.0,0.0,712.0,267.0,0.0,4.0,0.0,CONTACTLESS_COMMUNICATION_ERROR,CUSTOMER_ENTERING_PIN,08/06/2022 14:26,3,0,138,78,20.0,10,553.0,38,78
08/06/2022 14:28,139,08/06/2022 14:29,139,___N,DOMESTIC,DOMESTIC,WAHR,86,47,15,15,WITHDRAWAL_NATIONAL,CashOutEmv,32,42,34,68,139,51,1.0,61,6,70,NOK,536.0,1.0,958.0,351.0,115.0,114.0,63.0,2.0,623.0,245.0,1.0,0.0,1.0,CONTACTLESS_COMMUNICATION_ERROR,KIXCLC_READING_AND_CHECKING_CHIP_INFORMATION,08/06/2022 14:29,3,16,139,93,31.0,30,548.0,46,77
08/06/2022 14:26,140,08/06/2022 14:31,140,C23_,DOMESTIC,DOMESTIC,WAHR,57,81,29,68,WITHDRAWAL_NATIONAL,CashOutEmv,37,47,100,94,140,17,1.0,54,24,3,OK,641.0,1.0,825.0,357.0,142.0,106.0,88.0,4.0,569.0,240.0,0.0,4.0,2.0,CONTACTLESS_COMMUNICATION_ERROR,WAITING_FOR_CARD,08/06/2022 14:29,16,18,140,51,22.0,75,601.0,10,109
08/06/2022 14:34,141,08/06/2022 14:29,141,___N,DOMESTIC,DOMESTIC,WAHR,93,36,78,74,WITHDRAWAL_NATIONAL,CashOutEmv,43,21,50,4,141,56,1.0,38,34,40,NOK,671.0,0.0,860.0,306.0,137.0,147.0,85.0,2.0,712.0,257.0,1.0,0.0,1.0,CUSTOMER_CANCEL,CUSTOMER_ENTERING_PIN,08/06/2022 14:31,16,0,141,31,31.0,28,553.0,31,99
08/06/2022 14:34,142,08/06/2022 14:32,142,C23_,DOMESTIC,DOMESTIC,WAHR,11,71,42,85,WITHDRAWAL_NATIONAL,CashOutEmv,60,97,44,79,142,43,1.0,85,57,91,NOK,641.0,0.0,831.0,320.0,142.0,147.0,60.0,4.0,569.0,246.0,0.0,4.0,0.0,CONTACTLESS_COMMUNICATION_ERROR,CUSTOMER_ENTERING_PIN,08/06/2022 14:32,4,4,142,33,20.0,12,582.0,20,107
08/06/2022 14:29,143,08/06/2022 14:30,143,___N,DOMESTIC,DOMESTIC,WAHR,78,53,25,39,WITHDRAWAL_NATIONAL,CashOutEmv,45,55,84,21,143,33,1.0,92,73,76,NOK,659.0,1.0,825.0,342.0,137.0,104.0,88.0,2.0,560.0,257.0,1.0,1.0,1.0,CONTACTLESS_COMMUNICATION_ERROR,CUSTOMER_ENTERING_PIN,08/06/2022 14:26,0,5,143,94,20.0,50,561.0,92,79
08/06/2022 14:34,144,08/06/2022 14:33,144,___N,DOMESTIC,DOMESTIC,WAHR,82,70,75,94,WITHDRAWAL_NATIONAL,CashOutEmv,29,74,52,10,144,48,1.0,48,24,39,NOK,659.0,1.0,977.0,291.0,115.0,147.0,84.0,4.0,726.0,273.0,0.0,4.0,1.0,CUSTOMER_CANCEL,KIXCLC_READING_AND_CHECKING_CHIP_INFORMATION,08/06/2022 14:31,2,4,144,33,21.0,8,601.0,7,79
08/06/2022 14:28,145,08/06/2022 14:29,145,___N,DOMESTIC,DOMESTIC,WAHR,89,9,95,86,WITHDRAWAL_NATIONAL,CashOutEmv,27,31,25,16,145,78,1.0,34,93,85,OK,538.0,1.0,825.0,351.0,132.0,104.0,88.0,2.0,717.0,240.0,1.0,0.0,0.0,CUSTOMER_CANCEL,WAITING_FOR_CARD,08/06/2022 14:30,4,11,145,29,22.0,5,553.0,28,99
08/06/2022 14:34,146,08/06/2022 14:26,146,___N,DOMESTIC,DOMESTIC,WAHR,3,15,91,0,WITHDRAWAL_NATIONAL,CashOutEmv,27,83,75,2,146,42,1.0,61,5,25,CNCL,540.0,1.0,956.0,357.0,122.0,106.0,59.0,2.0,562.0,238.0,0.0,0.0,2.0,CONTACTLESS_COMMUNICATION_ERROR,KIXCLC_READING_AND_CHECKING_CHIP_INFORMATION,08/06/2022 14:35,6,16,146,8,20.0,69,981.0,22,107
08/06/2022 14:30,147,08/06/2022 14:31,147,___N,DOMESTIC,DOMESTIC,WAHR,37,18,22,81,WITHDRAWAL_NATIONAL,CashOutEmv,29,66,44,46,147,80,1.0,65,48,0,OK,663.0,0.0,851.0,332.0,115.0,131.0,63.0,16.0,569.0,269.0,1.0,1.0,0.0,CUSTOMER_CANCEL,KIXCLC_READING_AND_CHECKING_CHIP_INFORMATION,08/06/2022 14:26,3,2,147,35,24.0,37,561.0,10,131
08/06/2022 14:29,148,08/06/2022 14:35,148,C23_,DOMESTIC,DOMESTIC,WAHR,7,29,43,58,WITHDRAWAL_NATIONAL,CashOutEmv,72,19,81,61,148,1,1.0,54,25,34,CNCL,659.0,0.0,831.0,320.0,137.0,106.0,60.0,4.0,623.0,246.0,0.0,0.0,1.0,CONTACTLESS_COMMUNICATION_ERROR,CUSTOMER_SELECTING_TRANSACTION,08/06/2022 14:28,2,5,148,6,20.0,74,561.0,5,85
08/06/2022 14:26,149,08/06/2022 14:29,149,C23_,DOMESTIC,DOMESTIC,WAHR,29,53,84,12,WITHDRAWAL_NATIONAL,CashOutEmv,75,31,5,46,149,53,1.0,17,68,65,NOK,663.0,1.0,860.0,312.0,114.0,137.0,60.0,16.0,713.0,245.0,1.0,4.0,1.0,CONTACTLESS_COMMUNICATION_ERROR,CUSTOMER_SELECTING_TRANSACTION,08/06/2022 14:30,16,0,149,72,31.0,47,593.0,62,111
08/06/2022 14:30,150,08/06/2022 14:33,150,___N,DOMESTIC,DOMESTIC,WAHR,78,60,55,91,WITHDRAWAL_NATIONAL,CashOutEmv,97,19,83,32,150,64,1.0,52,38,43,OK,538.0,1.0,929.0,332.0,116.0,106.0,60.0,2.0,562.0,243.0,0.0,1.0,2.0,CUSTOMER_CANCEL,CUSTOMER_ENTERING_PIN,08/06/2022 14:31,2,4,150,34,31.0,64,561.0,78,95
08/06/2022 14:29,151,08/06/2022 14:31,151,C23_,DOMESTIC,DOMESTIC,WAHR,11,42,2,43,WITHDRAWAL_NATIONAL,CashOutEmv,78,39,71,23,151,56,1.0,34,0,37,NOK,556.0,1.0,942.0,357.0,126.0,114.0,61.0,4.0,569.0,238.0,1.0,0.0,0.0,CUSTOMER_CANCEL,WAITING_FOR_CARD,08/06/2022 14:27,0,16,151,74,21.0,19,560.0,66,77
08/06/2022 14:32,152,08/06/2022 14:31,152,___N,DOMESTIC,DOMESTIC,WAHR,73,82,25,54,WITHDRAWAL_NATIONAL,CashOutEmv,38,39,68,61,152,15,1.0,43,59,89,NOK,540.0,1.0,831.0,312.0,122.0,132.0,61.0,16.0,569.0,245.0,1.0,0.0,1.0,CUSTOMER_CANCEL,CUSTOMER_ENTERING_PIN,08/06/2022 14:26,2,0,152,62,20.0,51,592.0,95,85
08/06/2022 14:35,153,08/06/2022 14:34,153,C23_,DOMESTIC,DOMESTIC,WAHR,11,2,0,47,WITHDRAWAL_NATIONAL,CashOutEmv,11,61,95,1,153,80,1.0,13,78,87,NOK,663.0,1.0,956.0,351.0,124.0,132.0,72.0,2.0,726.0,243.0,0.0,4.0,0.0,CONTACTLESS_COMMUNICATION_ERROR,CUSTOMER_ENTERING_PIN,08/06/2022 14:33,6,18,153,58,20.0,26,571.0,84,131
08/06/2022 14:34,154,08/06/2022 14:26,154,C23_,DOMESTIC,DOMESTIC,WAHR,16,29,95,22,WITHDRAWAL_NATIONAL,CashOutEmv,74,97,93,36,154,72,1.0,17,73,42,OK,659.0,1.0,831.0,342.0,126.0,104.0,61.0,16.0,623.0,245.0,0.0,4.0,2.0,CONTACTLESS_COMMUNICATION_ERROR,CUSTOMER_ENTERING_PIN,08/06/2022 14:32,0,11,154,50,21.0,13,548.0,6,78
08/06/2022 14:26,155,08/06/2022 14:34,155,___N,DOMESTIC,DOMESTIC,WAHR,60,17,56,31,WITHDRAWAL_NATIONAL,CashOutEmv,89,44,91,89,155,20,1.0,31,100,68,NOK,538.0,0.0,860.0,312.0,114.0,131.0,85.0,0.0,713.0,240.0,0.0,4.0,0.0,CONTACTLESS_COMMUNICATION_ERROR,CUSTOMER_ENTERING_PIN,08/06/2022 14:29,0,18,155,24,20.0,24,570.0,74,111
08/06/2022 14:34,156,08/06/2022 14:29,156,___N,DOMESTIC,DOMESTIC,WAHR,63,35,70,34,WITHDRAWAL_NATIONAL,CashOutEmv,32,54,32,8,156,61,1.0,21,50,52,CNCL,671.0,1.0,977.0,298.0,126.0,104.0,72.0,4.0,537.0,243.0,1.0,4.0,0.0,CUSTOMER_CANCEL,CUSTOMER_SELECTING_TRANSACTION,08/06/2022 14:34,4,5,156,61,22.0,18,981.0,44,79
08/06/2022 14:31,157,08/06/2022 14:32,157,C23_,DOMESTIC,DOMESTIC,WAHR,59,19,82,98,WITHDRAWAL_NATIONAL,CashOutEmv,50,94,41,47,157,63,1.0,98,28,71,NOK,657.0,0.0,851.0,332.0,142.0,147.0,59.0,4.0,560.0,267.0,0.0,0.0,1.0,CUSTOMER_CANCEL,CUSTOMER_ENTERING_PIN,08/06/2022 14:27,0,2,157,25,21.0,73,567.0,4,85
08/06/2022 14:35,158,08/06/2022 14:35,158,C23_,DOMESTIC,DOMESTIC,WAHR,1,16,86,42,WITHDRAWAL_NATIONAL,CashOutEmv,40,62,82,91,158,54,1.0,1,15,93,OK,536.0,0.0,956.0,306.0,122.0,131.0,85.0,2.0,713.0,267.0,0.0,4.0,0.0,CONTACTLESS_COMMUNICATION_ERROR,CUSTOMER_SELECTING_TRANSACTION,08/06/2022 14:28,4,11,158,94,21.0,60,593.0,67,107
08/06/2022 14:26,159,08/06/2022 14:29,159,C23_,DOMESTIC,DOMESTIC,WAHR,18,23,62,68,WITHDRAWAL_NATIONAL,CashOutEmv,70,76,29,0,159,43,1.0,69,66,1,OK,663.0,1.0,825.0,342.0,132.0,132.0,85.0,16.0,717.0,257.0,1.0,1.0,2.0,CONTACTLESS_COMMUNICATION_ERROR,WAITING_FOR_CARD,08/06/2022 14:32,6,16,159,73,22.0,12,571.0,67,131
08/06/2022 14:35,160,08/06/2022 14:28,160,___N,DOMESTIC,DOMESTIC,WAHR,53,12,46,62,WITHDRAWAL_NATIONAL,CashOutEmv,30,16,13,35,160,25,1.0,47,36,23,NOK,557.0,0.0,929.0,357.0,115.0,116.0,72.0,16.0,712.0,240.0,1.0,1.0,1.0,CUSTOMER_CANCEL,CUSTOMER_SELECTING_TRANSACTION,08/06/2022 14:26,2,16,160,52,24.0,27,553.0,92,107
08/06/2022 14:32,161,08/06/2022 14:33,161,___N,DOMESTIC,DOMESTIC,WAHR,28,99,89,36,WITHDRAWAL_NATIONAL,CashOutEmv,22,80,9,26,161,0,1.0,38,7,87,CNCL,657.0,1.0,929.0,298.0,137.0,116.0,60.0,16.0,569.0,269.0,0.0,0.0,2.0,CUSTOMER_CANCEL,CUSTOMER_ENTERING_PIN,08/06/2022 14:31,16,18,161,30,20.0,77,557.0,80,106
08/06/2022 14:31,162,08/06/2022 14:26,162,C23_,DOMESTIC,DOMESTIC,WAHR,64,56,77,83,WITHDRAWAL_NATIONAL,CashOutEmv,75,6,54,62,162,49,1.0,63,81,88,NOK,657.0,0.0,825.0,332.0,124.0,131.0,84.0,0.0,712.0,257.0,1.0,4.0,0.0,CONTACTLESS_COMMUNICATION_ERROR,KIXCLC_READING_AND_CHECKING_CHIP_INFORMATION,08/06/2022 14:30,6,16,162,43,20.0,8,570.0,79,99
08/06/2022 14:29,163,08/06/2022 14:29,163,C23_,DOMESTIC,DOMESTIC,WAHR,85,66,12,44,WITHDRAWAL_NATIONAL,CashOutEmv,35,68,8,52,163,39,1.0,31,31,89,OK,538.0,1.0,860.0,351.0,137.0,147.0,88.0,4.0,560.0,243.0,0.0,0.0,0.0,CUSTOMER_CANCEL,WAITING_FOR_CARD,08/06/2022 14:26,0,11,163,98,24.0,54,553.0,19,108
08/06/2022 14:27,164,08/06/2022 14:26,164,C23_,DOMESTIC,DOMESTIC,WAHR,88,20,62,81,WITHDRAWAL_NATIONAL,CashOutEmv,84,45,25,22,164,2,1.0,92,43,69,NOK,556.0,1.0,860.0,342.0,124.0,132.0,59.0,0.0,537.0,267.0,0.0,0.0,1.0,CUSTOMER_CANCEL,CUSTOMER_SELECTING_TRANSACTION,08/06/2022 14:31,2,2,164,27,31.0,98,601.0,71,99
08/06/2022 14:34,165,08/06/2022 14:29,165,C23_,DOMESTIC,DOMESTIC,WAHR,73,3,37,70,WITHDRAWAL_NATIONAL,CashOutEmv,68,84,33,31,165,70,1.0,68,41,22,NOK,536.0,1.0,956.0,320.0,124.0,106.0,72.0,16.0,726.0,269.0,1.0,1.0,0.0,CONTACTLESS_COMMUNICATION_ERROR,CUSTOMER_SELECTING_TRANSACTION,08/06/2022 14:34,16,18,165,7,21.0,67,557.0,74,106
08/06/2022 14:26,166,08/06/2022 14:32,166,C23_,DOMESTIC,DOMESTIC,WAHR,8,81,83,6,WITHDRAWAL_NATIONAL,CashOutEmv,63,30,17,1,166,3,1.0,37,79,80,OK,659.0,0.0,958.0,312.0,114.0,137.0,73.0,4.0,569.0,246.0,1.0,4.0,0.0,CONTACTLESS_COMMUNICATION_ERROR,KIXCLC_READING_AND_CHECKING_CHIP_INFORMATION,08/06/2022 14:32,2,0,166,25,21.0,6,592.0,58,84
08/06/2022 14:30,167,08/06/2022 14:27,167,C23_,DOMESTIC,DOMESTIC,WAHR,82,44,31,48,WITHDRAWAL_NATIONAL,CashOutEmv,4,76,47,93,167,30,1.0,7,28,95,OK,538.0,1.0,956.0,357.0,132.0,132.0,88.0,2.0,537.0,240.0,1.0,0.0,2.0,CUSTOMER_CANCEL,CUSTOMER_SELECTING_TRANSACTION,08/06/2022 14:28,3,5,167,80,31.0,78,577.0,67,111
08/06/2022 14:35,168,08/06/2022 14:35,168,___N,DOMESTIC,DOMESTIC,WAHR,11,38,28,9,WITHDRAWAL_NATIONAL,CashOutEmv,49,53,16,3,168,13,1.0,67,54,64,OK,659.0,1.0,958.0,351.0,137.0,104.0,84.0,0.0,621.0,245.0,0.0,1.0,0.0,CONTACTLESS_COMMUNICATION_ERROR,KIXCLC_READING_AND_CHECKING_CHIP_INFORMATION,08/06/2022 14:28,16,2,168,52,22.0,81,562.0,36,111
08/06/2022 14:32,169,08/06/2022 14:28,169,___N,DOMESTIC,DOMESTIC,WAHR,92,42,59,28,WITHDRAWAL_NATIONAL,CashOutEmv,29,33,49,3,169,20,1.0,54,52,67,OK,538.0,0.0,831.0,320.0,124.0,114.0,59.0,16.0,726.0,246.0,0.0,1.0,1.0,CUSTOMER_CANCEL,CUSTOMER_ENTERING_PIN,08/06/2022 14:29,6,11,169,52,31.0,73,561.0,16,76
08/06/2022 14:31,170,08/06/2022 14:35,170,___N,DOMESTIC,DOMESTIC,WAHR,51,74,83,77,WITHDRAWAL_NATIONAL,CashOutEmv,63,90,62,98,170,75,1.0,21,42,97,CNCL,641.0,1.0,956.0,351.0,114.0,116.0,59.0,0.0,569.0,243.0,1.0,0.0,1.0,CUSTOMER_CANCEL,CUSTOMER_ENTERING_PIN,08/06/2022 14:32,4,2,170,66,22.0,17,561.0,76,106
08/06/2022 14:33,171,08/06/2022 14:30,171,___N,DOMESTIC,DOMESTIC,WAHR,81,37,40,56,WITHDRAWAL_NATIONAL,CashOutEmv,61,18,71,36,171,11,1.0,21,31,31,NOK,641.0,0.0,977.0,351.0,132.0,137.0,85.0,16.0,569.0,267.0,1.0,4.0,2.0,CONTACTLESS_COMMUNICATION_ERROR,CUSTOMER_ENTERING_PIN,08/06/2022 14:28,6,18,171,54,21.0,84,593.0,29,85
08/06/2022 14:34,172,08/06/2022 14:35,172,___N,DOMESTIC,DOMESTIC,WAHR,55,40,89,9,WITHDRAWAL_NATIONAL,CashOutEmv,91,6,94,42,172,5,1.0,57,86,70,OK,657.0,0.0,851.0,320.0,137.0,114.0,60.0,16.0,712.0,238.0,1.0,4.0,2.0,CUSTOMER_CANCEL,CUSTOMER_SELECTING_TRANSACTION,08/06/2022 14:28,6,2,172,30,20.0,71,562.0,37,111
08/06/2022 14:34,173,08/06/2022 14:27,173,___N,DOMESTIC,DOMESTIC,WAHR,15,27,29,85,WITHDRAWAL_NATIONAL,CashOutEmv,83,2,80,20,173,16,1.0,90,57,52,OK,659.0,0.0,942.0,342.0,126.0,106.0,59.0,16.0,560.0,243.0,1.0,0.0,0.0,CUSTOMER_CANCEL,KIXCLC_READING_AND_CHECKING_CHIP_INFORMATION,08/06/2022 14:33,2,5,173,4,22.0,14,577.0,48,107
08/06/2022 14:35,174,08/06/2022 14:29,174,___N,DOMESTIC,DOMESTIC,WAHR,3,4,28,66,WITHDRAWAL_NATIONAL,CashOutEmv,90,26,86,5,174,77,1.0,66,23,64,NOK,671.0,0.0,825.0,306.0,114.0,131.0,73.0,4.0,712.0,257.0,1.0,1.0,0.0,CUSTOMER_CANCEL,WAITING_FOR_CARD,08/06/2022 14:34,6,2,174,72,21.0,85,567.0,94,99
08/06/2022 14:28,175,08/06/2022 14:28,175,___N,DOMESTIC,DOMESTIC,WAHR,88,51,52,9,WITHDRAWAL_NATIONAL,CashOutEmv,26,25,37,88,175,62,1.0,92,68,8,CNCL,659.0,1.0,851.0,351.0,114.0,114.0,88.0,0.0,560.0,257.0,1.0,4.0,2.0,CUSTOMER_CANCEL,KIXCLC_READING_AND_CHECKING_CHIP_INFORMATION,08/06/2022 14:32,6,18,175,20,21.0,96,592.0,94,99
08/06/2022 14:34,176,08/06/2022 14:30,176,C23_,DOMESTIC,DOMESTIC,WAHR,85,22,42,36,WITHDRAWAL_NATIONAL,CashOutEmv,73,13,9,83,176,8,1.0,47,64,24,OK,663.0,0.0,942.0,312.0,142.0,106.0,60.0,16.0,712.0,257.0,0.0,0.0,1.0,CUSTOMER_CANCEL,CUSTOMER_SELECTING_TRANSACTION,08/06/2022 14:26,16,5,176,47,22.0,98,562.0,73,79
08/06/2022 14:32,177,08/06/2022 14:35,177,C23_,DOMESTIC,DOMESTIC,WAHR,28,37,10,28,WITHDRAWAL_NATIONAL,CashOutEmv,50,63,46,54,177,27,1.0,32,17,70,OK,671.0,1.0,860.0,291.0,122.0,106.0,72.0,16.0,537.0,257.0,1.0,4.0,2.0,CUSTOMER_CANCEL,KIXCLC_READING_AND_CHECKING_CHIP_INFORMATION,08/06/2022 14:34,6,0,177,97,24.0,49,579.0,78,107
08/06/2022 14:32,178,08/06/2022 14:33,178,C23_,DOMESTIC,DOMESTIC,WAHR,58,35,84,64,WITHDRAWAL_NATIONAL,CashOutEmv,95,91,12,3,178,6,1.0,33,70,75,CNCL,557.0,0.0,825.0,351.0,124.0,114.0,60.0,2.0,726.0,246.0,1.0,0.0,1.0,CUSTOMER_CANCEL,CUSTOMER_SELECTING_TRANSACTION,08/06/2022 14:26,3,16,178,61,22.0,3,553.0,15,108
08/06/2022 14:35,179,08/06/2022 14:30,179,C23_,DOMESTIC,DOMESTIC,WAHR,85,30,17,74,WITHDRAWAL_NATIONAL,CashOutEmv,94,62,88,83,179,42,1.0,99,68,68,CNCL,641.0,0.0,942.0,332.0,122.0,104.0,88.0,0.0,712.0,238.0,1.0,4.0,1.0,CUSTOMER_CANCEL,CUSTOMER_SELECTING_TRANSACTION,08/06/2022 14:34,2,5,179,70,21.0,100,548.0,71,95
08/06/2022 14:27,180,08/06/2022 14:35,180,C23_,DOMESTIC,DOMESTIC,WAHR,78,7,0,13,WITHDRAWAL_NATIONAL,CashOutEmv,17,57,22,23,180,4,1.0,58,75,62,OK,663.0,1.0,851.0,351.0,115.0,116.0,59.0,0.0,621.0,269.0,0.0,1.0,2.0,CONTACTLESS_COMMUNICATION_ERROR,CUSTOMER_SELECTING_TRANSACTION,08/06/2022 14:26,4,0,180,29,20.0,93,981.0,86,95
08/06/2022 14:32,181,08/06/2022 14:30,181,C23_,DOMESTIC,DOMESTIC,WAHR,65,88,39,2,WITHDRAWAL_NATIONAL,CashOutEmv,71,37,56,48,181,15,1.0,32,96,71,OK,657.0,1.0,860.0,291.0,117.0,116.0,61.0,2.0,717.0,246.0,1.0,0.0,1.0,CONTACTLESS_COMMUNICATION_ERROR,WAITING_FOR_CARD,08/06/2022 14:35,0,0,181,70,31.0,22,577.0,42,108
08/06/2022 14:34,182,08/06/2022 14:27,182,C23_,DOMESTIC,DOMESTIC,WAHR,76,88,38,37,WITHDRAWAL_NATIONAL,CashOutEmv,56,45,78,94,182,60,1.0,17,80,25,OK,663.0,0.0,860.0,312.0,122.0,106.0,88.0,16.0,623.0,245.0,1.0,0.0,1.0,CUSTOMER_CANCEL,CUSTOMER_ENTERING_PIN,08/06/2022 14:35,2,2,182,36,24.0,15,563.0,18,79
08/06/2022 14:34,183,08/06/2022 14:28,183,___N,DOMESTIC,DOMESTIC,WAHR,11,15,98,71,WITHDRAWAL_NATIONAL,CashOutEmv,35,21,45,30,183,0,1.0,9,2,51,NOK,641.0,1.0,825.0,298.0,126.0,116.0,72.0,0.0,569.0,243.0,0.0,0.0,0.0,CUSTOMER_CANCEL,WAITING_FOR_CARD,08/06/2022 14:30,16,0,183,90,21.0,97,567.0,23,76
08/06/2022 14:29,184,08/06/2022 14:33,184,C23_,DOMESTIC,DOMESTIC,WAHR,25,10,65,87,WITHDRAWAL_NATIONAL,CashOutEmv,73,69,33,89,184,39,1.0,99,74,42,OK,663.0,1.0,956.0,291.0,142.0,137.0,59.0,0.0,621.0,269.0,1.0,0.0,0.0,CONTACTLESS_COMMUNICATION_ERROR,KIXCLC_READING_AND_CHECKING_CHIP_INFORMATION,08/06/2022 14:33,3,0,184,33,20.0,81,576.0,80,77
08/06/2022 14:28,185,08/06/2022 14:28,185,___N,DOMESTIC,DOMESTIC,WAHR,11,19,48,94,WITHDRAWAL_NATIONAL,CashOutEmv,92,49,62,7,185,37,1.0,44,39,5,CNCL,663.0,1.0,956.0,357.0,142.0,106.0,85.0,2.0,621.0,243.0,1.0,4.0,1.0,CUSTOMER_CANCEL,KIXCLC_READING_AND_CHECKING_CHIP_INFORMATION,08/06/2022 14:33,4,3,185,84,24.0,78,562.0,52,99
08/06/2022 14:29,186,08/06/2022 14:29,186,C23_,DOMESTIC,DOMESTIC,WAHR,90,77,86,81,WITHDRAWAL_NATIONAL,CashOutEmv,47,25,4,42,186,6,1.0,86,38,37,CNCL,557.0,0.0,831.0,306.0,114.0,104.0,85.0,2.0,621.0,240.0,1.0,0.0,0.0,CUSTOMER_CANCEL,WAITING_FOR_CARD,08/06/2022 14:33,0,11,186,79,20.0,3,553.0,62,109
08/06/2022 14:32,187,08/06/2022 14:35,187,___N,DOMESTIC,DOMESTIC,WAHR,34,56,45,3,WITHDRAWAL_NATIONAL,CashOutEmv,48,12,69,12,187,93,1.0,5,54,4,CNCL,641.0,0.0,956.0,320.0,122.0,131.0,63.0,0.0,623.0,238.0,0.0,1.0,2.0,CONTACTLESS_COMMUNICATION_ERROR,WAITING_FOR_CARD,08/06/2022 14:26,2,11,187,56,21.0,96,563.0,56,111
08/06/2022 14:29,188,08/06/2022 14:33,188,C23_,DOMESTIC,DOMESTIC,WAHR,1,18,49,98,WITHDRAWAL_NATIONAL,CashOutEmv,71,52,76,4,188,58,1.0,86,0,62,OK,540.0,0.0,942.0,312.0,115.0,131.0,84.0,2.0,713.0,267.0,1.0,4.0,0.0,CUSTOMER_CANCEL,CUSTOMER_SELECTING_TRANSACTION,08/06/2022 14:29,0,18,188,11,20.0,57,571.0,6,63
08/06/2022 14:32,189,08/06/2022 14:32,189,___N,DOMESTIC,DOMESTIC,WAHR,16,71,22,80,WITHDRAWAL_NATIONAL,CashOutEmv,67,70,41,27,189,25,1.0,9,9,42,OK,538.0,1.0,956.0,332.0,115.0,131.0,60.0,0.0,717.0,246.0,1.0,4.0,1.0,CUSTOMER_CANCEL,CUSTOMER_ENTERING_PIN,08/06/2022 14:28,16,18,189,15,21.0,16,576.0,42,131
08/06/2022 14:31,190,08/06/2022 14:32,190,___N,DOMESTIC,DOMESTIC,WAHR,1,60,92,82,WITHDRAWAL_NATIONAL,CashOutEmv,71,47,12,76,190,76,1.0,65,75,12,CNCL,538.0,1.0,851.0,312.0,115.0,132.0,88.0,16.0,623.0,238.0,1.0,0.0,0.0,CUSTOMER_CANCEL,CUSTOMER_SELECTING_TRANSACTION,08/06/2022 14:30,3,3,190,21,20.0,68,592.0,49,111
08/06/2022 14:33,191,08/06/2022 14:28,191,C23_,DOMESTIC,DOMESTIC,WAHR,16,24,65,50,WITHDRAWAL_NATIONAL,CashOutEmv,62,73,0,74,191,64,1.0,61,44,16,NOK,659.0,0.0,825.0,320.0,142.0,104.0,72.0,16.0,726.0,273.0,0.0,1.0,2.0,CONTACTLESS_COMMUNICATION_ERROR,CUSTOMER_SELECTING_TRANSACTION,08/06/2022 14:31,6,3,191,91,20.0,51,981.0,56,99
08/06/2022 14:26,192,08/06/2022 14:29,192,___N,DOMESTIC,DOMESTIC,WAHR,33,32,85,61,WITHDRAWAL_NATIONAL,CashOutEmv,72,10,69,43,192,62,1.0,5,52,57,OK,671.0,0.0,831.0,312.0,126.0,137.0,73.0,4.0,569.0,240.0,0.0,1.0,1.0,CONTACTLESS_COMMUNICATION_ERROR,CUSTOMER_SELECTING_TRANSACTION,08/06/2022 14:31,0,4,192,43,24.0,95,557.0,61,63
08/06/2022 14:34,193,08/06/2022 14:32,193,___N,DOMESTIC,DOMESTIC,WAHR,33,39,66,82,WITHDRAWAL_NATIONAL,CashOutEmv,37,72,22,53,193,52,1.0,68,81,69,CNCL,659.0,0.0,977.0,312.0,126.0,131.0,63.0,4.0,562.0,243.0,1.0,4.0,0.0,CONTACTLESS_COMMUNICATION_ERROR,KIXCLC_READING_AND_CHECKING_CHIP_INFORMATION,08/06/2022 14:28,2,18,193,82,31.0,24,582.0,59,111
08/06/2022 14:30,194,08/06/2022 14:26,194,C23_,DOMESTIC,DOMESTIC,WAHR,44,100,32,28,WITHDRAWAL_NATIONAL,CashOutEmv,5,90,97,10,194,50,1.0,7,100,13,NOK,536.0,0.0,825.0,351.0,115.0,131.0,60.0,16.0,560.0,240.0,1.0,0.0,1.0,CUSTOMER_CANCEL,WAITING_FOR_CARD,08/06/2022 14:30,3,5,194,10,24.0,12,601.0,86,106
08/06/2022 14:32,195,08/06/2022 14:34,195,___N,DOMESTIC,DOMESTIC,WAHR,40,16,50,35,WITHDRAWAL_NATIONAL,CashOutEmv,97,16,49,43,195,49,1.0,54,47,11,CNCL,657.0,0.0,929.0,342.0,117.0,147.0,88.0,0.0,537.0,269.0,1.0,4.0,0.0,CONTACTLESS_COMMUNICATION_ERROR,KIXCLC_READING_AND_CHECKING_CHIP_INFORMATION,08/06/2022 14:34,3,18,195,12,22.0,23,582.0,30,111
08/06/2022 14:31,196,08/06/2022 14:26,196,C23_,DOMESTIC,DOMESTIC,WAHR,72,52,70,53,WITHDRAWAL_NATIONAL,CashOutEmv,55,95,65,6,196,28,1.0,19,69,86,OK,556.0,0.0,977.0,320.0,117.0,114.0,73.0,0.0,713.0,238.0,1.0,0.0,1.0,CUSTOMER_CANCEL,CUSTOMER_ENTERING_PIN,08/06/2022 14:26,16,16,196,48,22.0,53,570.0,30,108
08/06/2022 14:34,197,08/06/2022 14:33,197,C23_,DOMESTIC,DOMESTIC,WAHR,77,90,35,26,WITHDRAWAL_NATIONAL,CashOutEmv,92,94,10,71,197,71,1.0,51,48,39,NOK,540.0,1.0,851.0,357.0,126.0,104.0,85.0,0.0,560.0,240.0,0.0,1.0,0.0,CONTACTLESS_COMMUNICATION_ERROR,CUSTOMER_SELECTING_TRANSACTION,08/06/2022 14:26,16,16,197,2,21.0,13,567.0,43,106
08/06/2022 14:28,198,08/06/2022 14:32,198,C23_,DOMESTIC,DOMESTIC,WAHR,83,80,100,42,WITHDRAWAL_NATIONAL,CashOutEmv,46,38,70,0,198,65,1.0,38,38,0,NOK,538.0,1.0,958.0,357.0,122.0,131.0,72.0,2.0,621.0,273.0,1.0,0.0,2.0,CONTACTLESS_COMMUNICATION_ERROR,CUSTOMER_SELECTING_TRANSACTION,08/06/2022 14:27,3,5,198,75,20.0,44,593.0,10,95
08/06/2022 14:29,199,08/06/2022 14:31,199,___N,DOMESTIC,DOMESTIC,WAHR,32,46,23,46,WITHDRAWAL_NATIONAL,CashOutEmv,38,48,16,51,199,50,1.0,13,36,24,OK,538.0,0.0,977.0,298.0,122.0,114.0,63.0,0.0,621.0,246.0,0.0,0.0,2.0,CUSTOMER_CANCEL,KIXCLC_READING_AND_CHECKING_CHIP_INFORMATION,08/06/2022 14:30,6,3,199,6,24.0,22,577.0,53,106
08/06/2022 14:35,200,08/06/2022 14:35,200,___N,DOMESTIC,DOMESTIC,WAHR,23,96,82,69,WITHDRAWAL_NATIONAL,CashOutEmv,49,60,71,34,200,7,1.0,11,4,27,OK,536.0,1.0,825.0,298.0,115.0,131.0,85.0,16.0,537.0,240.0,1.0,0.0,2.0,CONTACTLESS_COMMUNICATION_ERROR,WAITING_FOR_CARD,08/06/2022 14:35,16,2,200,97,20.0,55,553.0,65,78
08/06/2022 14:33,201,08/06/2022 14:32,201,C23_,DOMESTIC,DOMESTIC,WAHR,68,94,89,28,WITHDRAWAL_NATIONAL,CashOutEmv,8,6,27,96,201,26,1.0,87,75,30,OK,659.0,1.0,956.0,332.0,122.0,106.0,72.0,2.0,713.0,257.0,1.0,4.0,2.0,CUSTOMER_CANCEL,CUSTOMER_SELECTING_TRANSACTION,08/06/2022 14:27,6,3,201,87,31.0,87,560.0,85,108
08/06/2022 14:31,202,08/06/2022 14:31,202,C23_,DOMESTIC,DOMESTIC,WAHR,31,84,79,43,WITHDRAWAL_NATIONAL,CashOutEmv,65,70,38,23,202,40,1.0,54,39,88,NOK,671.0,1.0,929.0,291.0,117.0,132.0,72.0,16.0,562.0,246.0,1.0,4.0,2.0,CUSTOMER_CANCEL,CUSTOMER_ENTERING_PIN,08/06/2022 14:29,16,5,202,94,20.0,87,576.0,54,95
08/06/2022 14:29,203,08/06/2022 14:28,203,___N,DOMESTIC,DOMESTIC,WAHR,22,23,27,83,WITHDRAWAL_NATIONAL,CashOutEmv,66,1,84,64,203,61,1.0,53,93,92,CNCL,659.0,0.0,825.0,320.0,124.0,131.0,59.0,2.0,623.0,273.0,1.0,4.0,0.0,CUSTOMER_CANCEL,CUSTOMER_ENTERING_PIN,08/06/2022 14:34,2,3,203,61,21.0,86,592.0,45,109
08/06/2022 14:30,204,08/06/2022 14:33,204,C23_,DOMESTIC,DOMESTIC,WAHR,64,15,85,62,WITHDRAWAL_NATIONAL,CashOutEmv,62,63,41,71,204,48,1.0,75,62,24,CNCL,671.0,1.0,942.0,342.0,122.0,132.0,85.0,0.0,712.0,273.0,0.0,4.0,0.0,CUSTOMER_CANCEL,WAITING_FOR_CARD,08/06/2022 14:34,3,11,204,63,24.0,82,576.0,92,131
08/06/2022 14:31,205,08/06/2022 14:27,205,C23_,DOMESTIC,DOMESTIC,WAHR,31,44,1,74,WITHDRAWAL_NATIONAL,CashOutEmv,16,65,82,30,205,22,1.0,40,45,94,CNCL,536.0,1.0,958.0,312.0,114.0,114.0,73.0,4.0,621.0,243.0,1.0,4.0,0.0,CONTACTLESS_COMMUNICATION_ERROR,CUSTOMER_ENTERING_PIN,08/06/2022 14:29,4,2,205,26,22.0,24,582.0,71,76
08/06/2022 14:29,206,08/06/2022 14:35,206,___N,DOMESTIC,DOMESTIC,WAHR,79,83,9,74,WITHDRAWAL_NATIONAL,CashOutEmv,61,21,70,18,206,14,1.0,95,75,52,OK,556.0,1.0,831.0,306.0,115.0,106.0,63.0,16.0,569.0,245.0,0.0,1.0,0.0,CONTACTLESS_COMMUNICATION_ERROR,CUSTOMER_SELECTING_TRANSACTION,08/06/2022 14:31,3,16,206,42,31.0,76,548.0,85,107
08/06/2022 14:29,207,08/06/2022 14:28,207,C23_,DOMESTIC,DOMESTIC,WAHR,83,55,81,9,WITHDRAWAL_NATIONAL,CashOutEmv,66,46,38,32,207,63,1.0,3,42,32,OK,671.0,1.0,851.0,312.0,115.0,104.0,60.0,0.0,560.0,243.0,1.0,1.0,2.0,CUSTOMER_CANCEL,KIXCLC_READING_AND_CHECKING_CHIP_INFORMATION,08/06/2022 14:34,2,5,207,88,20.0,11,557.0,32,63
08/06/2022 14:33,208,08/06/2022 14:28,208,___N,DOMESTIC,DOMESTIC,WAHR,15,98,11,91,WITHDRAWAL_NATIONAL,CashOutEmv,11,0,34,2,208,95,1.0,61,32,62,CNCL,657.0,1.0,825.0,291.0,115.0,104.0,61.0,4.0,537.0,240.0,1.0,0.0,2.0,CUSTOMER_CANCEL,KIXCLC_READING_AND_CHECKING_CHIP_INFORMATION,08/06/2022 14:28,16,0,208,3,31.0,13,579.0,78,77
08/06/2022 14:35,209,08/06/2022 14:31,209,___N,DOMESTIC,DOMESTIC,WAHR,51,27,64,99,WITHDRAWAL_NATIONAL,CashOutEmv,31,86,74,38,209,85,1.0,2,1,61,OK,557.0,0.0,977.0,332.0,132.0,104.0,85.0,2.0,726.0,267.0,0.0,1.0,1.0,CONTACTLESS_COMMUNICATION_ERROR,CUSTOMER_SELECTING_TRANSACTION,08/06/2022 14:29,3,2,209,84,31.0,0,601.0,88,107
08/06/2022 14:35,210,08/06/2022 14:32,210,C23_,DOMESTIC,DOMESTIC,WAHR,12,45,67,75,WITHDRAWAL_NATIONAL,CashOutEmv,10,36,40,12,210,52,1.0,71,47,99,OK,663.0,0.0,942.0,291.0,137.0,131.0,59.0,4.0,726.0,273.0,0.0,4.0,1.0,CUSTOMER_CANCEL,CUSTOMER_SELECTING_TRANSACTION,08/06/2022 14:34,3,18,210,87,31.0,63,548.0,50,77
08/06/2022 14:35,211,08/06/2022 14:30,211,C23_,DOMESTIC,DOMESTIC,WAHR,45,98,61,96,WITHDRAWAL_NATIONAL,CashOutEmv,20,26,40,64,211,7,1.0,2,34,86,CNCL,538.0,0.0,956.0,306.0,116.0,114.0,72.0,0.0,562.0,273.0,1.0,0.0,1.0,CUSTOMER_CANCEL,KIXCLC_READING_AND_CHECKING_CHIP_INFORMATION,08/06/2022 14:26,4,11,211,75,31.0,15,568.0,10,78
08/06/2022 14:33,212,08/06/2022 14:28,212,___N,DOMESTIC,DOMESTIC,WAHR,10,81,54,38,WITHDRAWAL_NATIONAL,CashOutEmv,100,20,27,72,212,36,1.0,25,42,47,CNCL,557.0,1.0,956.0,306.0,124.0,104.0,73.0,4.0,712.0,257.0,1.0,1.0,2.0,CUSTOMER_CANCEL,WAITING_FOR_CARD,08/06/2022 14:31,2,18,212,4,24.0,62,593.0,43,79
08/06/2022 14:29,213,08/06/2022 14:28,213,___N,DOMESTIC,DOMESTIC,WAHR,80,87,36,31,WITHDRAWAL_NATIONAL,CashOutEmv,14,84,94,3,213,80,1.0,46,42,8,OK,641.0,1.0,860.0,357.0,116.0,114.0,72.0,4.0,713.0,273.0,0.0,0.0,0.0,CUSTOMER_CANCEL,WAITING_FOR_CARD,08/06/2022 14:34,3,4,213,53,31.0,89,567.0,8,111
08/06/2022 14:28,214,08/06/2022 14:27,214,___N,DOMESTIC,DOMESTIC,WAHR,70,27,84,22,WITHDRAWAL_NATIONAL,CashOutEmv,52,34,36,13,214,70,1.0,5,74,3,NOK,557.0,1.0,851.0,357.0,117.0,137.0,61.0,0.0,537.0,240.0,0.0,4.0,0.0,CONTACTLESS_COMMUNICATION_ERROR,CUSTOMER_ENTERING_PIN,08/06/2022 14:26,6,3,214,43,31.0,33,579.0,56,111
08/06/2022 14:29,215,08/06/2022 14:26,215,C23_,DOMESTIC,DOMESTIC,WAHR,21,77,19,91,WITHDRAWAL_NATIONAL,CashOutEmv,71,61,98,90,215,20,1.0,16,42,100,OK,540.0,0.0,929.0,291.0,114.0,104.0,61.0,4.0,560.0,269.0,0.0,4.0,1.0,CONTACTLESS_COMMUNICATION_ERROR,CUSTOMER_ENTERING_PIN,08/06/2022 14:26,0,16,215,70,24.0,90,563.0,12,106
08/06/2022 14:35,216,08/06/2022 14:35,216,C23_,DOMESTIC,DOMESTIC,WAHR,94,48,69,57,WITHDRAWAL_NATIONAL,CashOutEmv,29,30,59,3,216,38,1.0,8,46,52,NOK,657.0,0.0,831.0,357.0,132.0,132.0,61.0,0.0,717.0,246.0,0.0,1.0,2.0,CUSTOMER_CANCEL,CUSTOMER_ENTERING_PIN,08/06/2022 14:26,4,5,216,93,21.0,11,561.0,58,108
08/06/2022 14:33,217,08/06/2022 14:26,217,___N,DOMESTIC,DOMESTIC,WAHR,67,87,84,21,WITHDRAWAL_NATIONAL,CashOutEmv,5,27,89,70,217,4,1.0,81,79,78,NOK,556.0,0.0,977.0,351.0,117.0,116.0,60.0,16.0,713.0,267.0,1.0,4.0,2.0,CONTACTLESS_COMMUNICATION_ERROR,WAITING_FOR_CARD,08/06/2022 14:31,16,2,217,74,22.0,93,562.0,26,131
08/06/2022 14:33,218,08/06/2022 14:28,218,C23_,DOMESTIC,DOMESTIC,WAHR,80,94,62,97,WITHDRAWAL_NATIONAL,CashOutEmv,14,100,27,6,218,16,1.0,92,90,60,NOK,671.0,1.0,956.0,298.0,142.0,106.0,85.0,0.0,717.0,246.0,0.0,0.0,1.0,CUSTOMER_CANCEL,CUSTOMER_ENTERING_PIN,08/06/2022 14:31,4,4,218,88,22.0,55,548.0,5,79
08/06/2022 14:31,219,08/06/2022 14:34,219,C23_,DOMESTIC,DOMESTIC,WAHR,64,5,68,61,WITHDRAWAL_NATIONAL,CashOutEmv,79,73,56,20,219,98,1.0,78,40,100,NOK,540.0,0.0,851.0,342.0,122.0,132.0,60.0,4.0,621.0,243.0,0.0,0.0,1.0,CONTACTLESS_COMMUNICATION_ERROR,WAITING_FOR_CARD,08/06/2022 14:35,2,5,219,58,31.0,74,570.0,51,79
08/06/2022 14:27,220,08/06/2022 14:29,220,___N,DOMESTIC,DOMESTIC,WAHR,1,97,41,41,WITHDRAWAL_NATIONAL,CashOutEmv,51,72,58,58,220,56,1.0,56,80,59,NOK,540.0,1.0,942.0,342.0,115.0,131.0,85.0,4.0,713.0,238.0,1.0,0.0,1.0,CONTACTLESS_COMMUNICATION_ERROR,WAITING_FOR_CARD,08/06/2022 14:33,6,5,220,85,31.0,21,553.0,66,79
08/06/2022 14:28,221,08/06/2022 14:26,221,___N,DOMESTIC,DOMESTIC,WAHR,50,98,80,99,WITHDRAWAL_NATIONAL,CashOutEmv,32,52,31,2,221,14,1.0,6,43,81,OK,556.0,1.0,831.0,306.0,126.0,106.0,85.0,4.0,726.0,269.0,1.0,1.0,0.0,CUSTOMER_CANCEL,CUSTOMER_SELECTING_TRANSACTION,08/06/2022 14:33,6,18,221,73,22.0,88,593.0,25,79
08/06/2022 14:28,222,08/06/2022 14:34,222,C23_,DOMESTIC,DOMESTIC,WAHR,96,28,16,41,WITHDRAWAL_NATIONAL,CashOutEmv,23,84,48,85,222,15,1.0,77,92,59,CNCL,536.0,1.0,956.0,306.0,122.0,137.0,63.0,4.0,712.0,240.0,1.0,0.0,1.0,CONTACTLESS_COMMUNICATION_ERROR,CUSTOMER_ENTERING_PIN,08/06/2022 14:34,6,3,222,38,20.0,77,562.0,91,85
08/06/2022 14:34,223,08/06/2022 14:34,223,C23_,DOMESTIC,DOMESTIC,WAHR,82,65,57,23,WITHDRAWAL_NATIONAL,CashOutEmv,91,23,3,47,223,88,1.0,56,64,83,NOK,536.0,0.0,956.0,298.0,126.0,106.0,60.0,4.0,717.0,238.0,0.0,0.0,0.0,CONTACTLESS_COMMUNICATION_ERROR,KIXCLC_READING_AND_CHECKING_CHIP_INFORMATION,08/06/2022 14:26,2,18,223,74,20.0,33,570.0,36,85
08/06/2022 14:27,224,08/06/2022 14:27,224,C23_,DOMESTIC,DOMESTIC,WAHR,82,68,5,52,WITHDRAWAL_NATIONAL,CashOutEmv,6,62,64,52,224,14,1.0,92,63,88,NOK,657.0,1.0,825.0,312.0,115.0,116.0,85.0,16.0,717.0,240.0,1.0,4.0,2.0,CONTACTLESS_COMMUNICATION_ERROR,WAITING_FOR_CARD,08/06/2022 14:33,2,2,224,73,31.0,9,568.0,55,84
08/06/2022 14:31,225,08/06/2022 14:26,225,C23_,DOMESTIC,DOMESTIC,WAHR,57,85,96,23,WITHDRAWAL_NATIONAL,CashOutEmv,73,48,37,58,225,10,1.0,3,44,88,NOK,557.0,0.0,860.0,332.0,137.0,114.0,85.0,0.0,560.0,240.0,0.0,1.0,0.0,CONTACTLESS_COMMUNICATION_ERROR,KIXCLC_READING_AND_CHECKING_CHIP_INFORMATION,08/06/2022 14:28,2,16,225,37,22.0,45,577.0,57,99
08/06/2022 14:34,226,08/06/2022 14:31,226,___N,DOMESTIC,DOMESTIC,WAHR,22,72,22,72,WITHDRAWAL_NATIONAL,CashOutEmv,65,59,39,82,226,4,1.0,59,2,99,OK,556.0,0.0,958.0,332.0,115.0,106.0,85.0,16.0,726.0,243.0,1.0,1.0,1.0,CUSTOMER_CANCEL,KIXCLC_READING_AND_CHECKING_CHIP_INFORMATION,08/06/2022 14:30,16,18,226,75,20.0,35,560.0,53,99
08/06/2022 14:30,227,08/06/2022 14:34,227,___N,DOMESTIC,DOMESTIC,WAHR,15,33,3,41,WITHDRAWAL_NATIONAL,CashOutEmv,75,43,12,80,227,84,1.0,4,22,65,CNCL,536.0,0.0,825.0,306.0,114.0,116.0,88.0,4.0,726.0,240.0,0.0,1.0,0.0,CONTACTLESS_COMMUNICATION_ERROR,KIXCLC_READING_AND_CHECKING_CHIP_INFORMATION,08/06/2022 14:27,3,16,227,19,20.0,98,562.0,34,85
08/06/2022 14:26,228,08/06/2022 14:28,228,___N,DOMESTIC,DOMESTIC,WAHR,15,99,8,60,WITHDRAWAL_NATIONAL,CashOutEmv,87,42,84,57,228,52,1.0,0,24,76,NOK,536.0,0.0,956.0,298.0,116.0,114.0,63.0,0.0,560.0,240.0,0.0,1.0,2.0,CUSTOMER_CANCEL,CUSTOMER_ENTERING_PIN,08/06/2022 14:32,3,18,228,100,22.0,37,981.0,30,108
08/06/2022 14:28,229,08/06/2022 14:29,229,___N,DOMESTIC,DOMESTIC,WAHR,28,48,62,47,WITHDRAWAL_NATIONAL,CashOutEmv,70,13,75,43,229,75,1.0,75,44,84,NOK,663.0,0.0,977.0,342.0,115.0,132.0,59.0,16.0,621.0,257.0,1.0,4.0,1.0,CONTACTLESS_COMMUNICATION_ERROR,KIXCLC_READING_AND_CHECKING_CHIP_INFORMATION,08/06/2022 14:33,4,0,229,47,20.0,87,577.0,76,76
08/06/2022 14:31,230,08/06/2022 14:31,230,C23_,DOMESTIC,DOMESTIC,WAHR,71,99,92,15,WITHDRAWAL_NATIONAL,CashOutEmv,40,9,76,33,230,53,1.0,38,83,7,OK,663.0,1.0,851.0,306.0,137.0,132.0,85.0,4.0,537.0,257.0,0.0,1.0,1.0,CUSTOMER_CANCEL,CUSTOMER_ENTERING_PIN,08/06/2022 14:35,4,5,230,53,22.0,61,579.0,64,76
08/06/2022 14:31,231,08/06/2022 14:29,231,C23_,DOMESTIC,DOMESTIC,WAHR,27,89,41,36,WITHDRAWAL_NATIONAL,CashOutEmv,60,27,91,69,231,93,1.0,6,94,86,NOK,671.0,0.0,977.0,332.0,124.0,116.0,73.0,4.0,726.0,257.0,0.0,1.0,2.0,CONTACTLESS_COMMUNICATION_ERROR,CUSTOMER_ENTERING_PIN,08/06/2022 14:28,0,2,231,60,24.0,66,561.0,19,84
08/06/2022 14:26,232,08/06/2022 14:34,232,___N,DOMESTIC,DOMESTIC,WAHR,88,69,74,65,WITHDRAWAL_NATIONAL,CashOutEmv,36,90,47,93,232,67,1.0,20,77,44,CNCL,540.0,1.0,831.0,298.0,142.0,147.0,73.0,4.0,712.0,269.0,1.0,0.0,1.0,CUSTOMER_CANCEL,CUSTOMER_SELECTING_TRANSACTION,08/06/2022 14:32,0,4,232,46,31.0,38,592.0,66,78
08/06/2022 14:34,233,08/06/2022 14:32,233,C23_,DOMESTIC,DOMESTIC,WAHR,57,65,92,94,WITHDRAWAL_NATIONAL,CashOutEmv,12,34,57,79,233,44,1.0,70,7,79,CNCL,557.0,0.0,860.0,320.0,124.0,114.0,73.0,4.0,562.0,273.0,1.0,1.0,0.0,CONTACTLESS_COMMUNICATION_ERROR,KIXCLC_READING_AND_CHECKING_CHIP_INFORMATION,08/06/2022 14:29,4,0,233,29,22.0,46,601.0,76,76
08/06/2022 14:27,234,08/06/2022 14:30,234,C23_,DOMESTIC,DOMESTIC,WAHR,58,99,95,42,WITHDRAWAL_NATIONAL,CashOutEmv,35,70,21,89,234,90,1.0,16,83,32,NOK,557.0,0.0,929.0,312.0,137.0,116.0,73.0,2.0,623.0,267.0,1.0,1.0,0.0,CONTACTLESS_COMMUNICATION_ERROR,CUSTOMER_ENTERING_PIN,08/06/2022 14:29,0,5,234,28,21.0,1,553.0,30,78
08/06/2022 14:27,235,08/06/2022 14:32,235,___N,DOMESTIC,DOMESTIC,WAHR,88,71,11,0,WITHDRAWAL_NATIONAL,CashOutEmv,62,41,12,24,235,91,1.0,64,99,33,OK,671.0,0.0,929.0,312.0,137.0,106.0,61.0,2.0,713.0,269.0,0.0,4.0,2.0,CONTACTLESS_COMMUNICATION_ERROR,CUSTOMER_ENTERING_PIN,08/06/2022 14:35,3,3,235,39,22.0,93,576.0,23,95
08/06/2022 14:26,236,08/06/2022 14:29,236,C23_,DOMESTIC,DOMESTIC,WAHR,76,1,34,83,WITHDRAWAL_NATIONAL,CashOutEmv,69,37,17,100,236,2,1.0,67,53,77,CNCL,663.0,1.0,831.0,298.0,115.0,106.0,59.0,4.0,562.0,273.0,1.0,1.0,1.0,CUSTOMER_CANCEL,KIXCLC_READING_AND_CHECKING_CHIP_INFORMATION,08/06/2022 14:32,4,3,236,70,24.0,58,593.0,65,106
08/06/2022 14:29,237,08/06/2022 14:32,237,C23_,DOMESTIC,DOMESTIC,WAHR,13,1,91,6,WITHDRAWAL_NATIONAL,CashOutEmv,62,6,39,60,237,60,1.0,69,62,1,OK,641.0,0.0,831.0,332.0,124.0,116.0,72.0,2.0,562.0,269.0,0.0,1.0,0.0,CUSTOMER_CANCEL,KIXCLC_READING_AND_CHECKING_CHIP_INFORMATION,08/06/2022 14:35,16,11,237,2,21.0,95,557.0,70,84
08/06/2022 14:34,238,08/06/2022 14:28,238,C23_,DOMESTIC,DOMESTIC,WAHR,18,71,49,93,WITHDRAWAL_NATIONAL,CashOutEmv,58,58,31,64,238,66,1.0,61,29,3,CNCL,663.0,0.0,942.0,320.0,114.0,147.0,88.0,2.0,717.0,257.0,1.0,4.0,1.0,CUSTOMER_CANCEL,WAITING_FOR_CARD,08/06/2022 14:35,2,0,238,9,20.0,68,548.0,13,77
08/06/2022 14:34,239,08/06/2022 14:32,239,___N,DOMESTIC,DOMESTIC,WAHR,78,25,71,67,WITHDRAWAL_NATIONAL,CashOutEmv,76,85,29,61,239,23,1.0,39,84,39,CNCL,540.0,1.0,956.0,312.0,124.0,147.0,84.0,0.0,712.0,267.0,1.0,4.0,2.0,CUSTOMER_CANCEL,KIXCLC_READING_AND_CHECKING_CHIP_INFORMATION,08/06/2022 14:27,6,5,239,99,21.0,46,548.0,24,131
08/06/2022 14:30,240,08/06/2022 14:31,240,C23_,DOMESTIC,DOMESTIC,WAHR,78,100,39,31,WITHDRAWAL_NATIONAL,CashOutEmv,18,3,55,77,240,28,1.0,59,8,62,NOK,657.0,1.0,977.0,312.0,114.0,106.0,60.0,2.0,537.0,273.0,0.0,1.0,1.0,CUSTOMER_CANCEL,WAITING_FOR_CARD,08/06/2022 14:31,2,5,240,8,21.0,89,601.0,17,63
08/06/2022 14:30,241,08/06/2022 14:31,241,___N,DOMESTIC,DOMESTIC,WAHR,20,77,58,29,WITHDRAWAL_NATIONAL,CashOutEmv,0,75,65,12,241,53,1.0,80,74,62,CNCL,657.0,1.0,831.0,351.0,117.0,116.0,73.0,0.0,562.0,238.0,0.0,4.0,1.0,CUSTOMER_CANCEL,KIXCLC_READING_AND_CHECKING_CHIP_INFORMATION,08/06/2022 14:30,0,4,241,8,20.0,41,562.0,53,131
08/06/2022 14:26,242,08/06/2022 14:35,242,___N,DOMESTIC,DOMESTIC,WAHR,71,50,5,16,WITHDRAWAL_NATIONAL,CashOutEmv,1,11,37,70,242,18,1.0,89,41,100,NOK,536.0,0.0,825.0,357.0,126.0,116.0,84.0,4.0,569.0,273.0,0.0,1.0,2.0,CONTACTLESS_COMMUNICATION_ERROR,CUSTOMER_SELECTING_TRANSACTION,08/06/2022 14:29,2,16,242,3,21.0,7,568.0,49,108
08/06/2022 14:35,243,08/06/2022 14:30,243,C23_,DOMESTIC,DOMESTIC,WAHR,55,27,73,67,WITHDRAWAL_NATIONAL,CashOutEmv,84,29,0,49,243,59,1.0,94,34,27,CNCL,538.0,0.0,825.0,320.0,124.0,131.0,85.0,16.0,560.0,257.0,1.0,0.0,0.0,CONTACTLESS_COMMUNICATION_ERROR,WAITING_FOR_CARD,08/06/2022 14:35,4,4,243,80,20.0,67,577.0,39,109
08/06/2022 14:29,244,08/06/2022 14:32,244,___N,DOMESTIC,DOMESTIC,WAHR,44,96,88,26,WITHDRAWAL_NATIONAL,CashOutEmv,77,78,23,3,244,65,1.0,27,46,58,CNCL,641.0,0.0,825.0,312.0,114.0,104.0,72.0,4.0,623.0,245.0,1.0,4.0,0.0,CUSTOMER_CANCEL,CUSTOMER_ENTERING_PIN,08/06/2022 14:30,4,3,244,72,21.0,39,568.0,51,95
08/06/2022 14:33,245,08/06/2022 14:31,245,___N,DOMESTIC,DOMESTIC,WAHR,91,43,12,6,WITHDRAWAL_NATIONAL,CashOutEmv,90,83,13,32,245,68,1.0,75,61,98,CNCL,556.0,1.0,851.0,306.0,124.0,106.0,85.0,4.0,623.0,273.0,1.0,4.0,1.0,CONTACTLESS_COMMUNICATION_ERROR,CUSTOMER_ENTERING_PIN,08/06/2022 14:27,0,3,245,73,20.0,7,557.0,18,84
08/06/2022 14:29,246,08/06/2022 14:27,246,C23_,DOMESTIC,DOMESTIC,WAHR,44,19,97,11,WITHDRAWAL_NATIONAL,CashOutEmv,21,26,8,49,246,36,1.0,64,75,47,NOK,556.0,0.0,977.0,320.0,122.0,116.0,84.0,2.0,562.0,240.0,0.0,4.0,0.0,CONTACTLESS_COMMUNICATION_ERROR,KIXCLC_READING_AND_CHECKING_CHIP_INFORMATION,08/06/2022 14:35,4,16,246,27,22.0,20,577.0,28,85
08/06/2022 14:28,247,08/06/2022 14:29,247,C23_,DOMESTIC,DOMESTIC,WAHR,15,98,59,81,WITHDRAWAL_NATIONAL,CashOutEmv,78,80,84,99,247,81,1.0,33,72,25,CNCL,557.0,1.0,831.0,332.0,116.0,132.0,88.0,4.0,560.0,243.0,1.0,1.0,0.0,CUSTOMER_CANCEL,WAITING_FOR_CARD,08/06/2022 14:26,2,5,247,23,24.0,88,577.0,77,106
08/06/2022 14:27,248,08/06/2022 14:29,248,C23_,DOMESTIC,DOMESTIC,WAHR,87,45,78,55,WITHDRAWAL_NATIONAL,CashOutEmv,13,35,53,13,248,24,1.0,25,55,80,CNCL,538.0,1.0,825.0,312.0,137.0,104.0,59.0,0.0,717.0,246.0,1.0,0.0,2.0,CUSTOMER_CANCEL,CUSTOMER_ENTERING_PIN,08/06/2022 14:27,6,2,248,27,24.0,24,593.0,91,108
08/06/2022 14:27,249,08/06/2022 14:34,249,C23_,DOMESTIC,DOMESTIC,WAHR,75,100,15,43,WITHDRAWAL_NATIONAL,CashOutEmv,67,52,82,75,249,89,1.0,52,85,73,OK,540.0,0.0,977.0,320.0,124.0,116.0,63.0,2.0,623.0,245.0,0.0,0.0,2.0,CUSTOMER_CANCEL,CUSTOMER_ENTERING_PIN,08/06/2022 14:26,0,18,249,58,21.0,33,570.0,44,77
08/06/2022 14:28,250,08/06/2022 14:35,250,C23_,DOMESTIC,DOMESTIC,WAHR,77,80,4,67,WITHDRAWAL_NATIONAL,CashOutEmv,17,17,80,17,250,76,1.0,14,68,25,OK,557.0,0.0,831.0,320.0,117.0,137.0,84.0,2.0,562.0,246.0,1.0,1.0,2.0,CONTACTLESS_COMMUNICATION_ERROR,CUSTOMER_SELECTING_TRANSACTION,08/06/2022 14:26,6,11,250,26,24.0,50,592.0,10,95
08/06/2022 14:27,251,08/06/2022 14:31,251,___N,DOMESTIC,DOMESTIC,WAHR,29,43,22,20,WITHDRAWAL_NATIONAL,CashOutEmv,5,80,13,68,251,34,1.0,48,47,64,CNCL,663.0,0.0,956.0,298.0,142.0,132.0,88.0,0.0,562.0,267.0,0.0,4.0,1.0,CONTACTLESS_COMMUNICATION_ERROR,CUSTOMER_SELECTING_TRANSACTION,08/06/2022 14:31,3,4,251,27,24.0,80,562.0,99,107
08/06/2022 14:30,252,08/06/2022 14:31,252,___N,DOMESTIC,DOMESTIC,WAHR,95,67,52,91,WITHDRAWAL_NATIONAL,CashOutEmv,26,10,8,87,252,85,1.0,34,7,15,NOK,538.0,1.0,825.0,312.0,132.0,106.0,73.0,2.0,560.0,257.0,1.0,0.0,2.0,CUSTOMER_CANCEL,WAITING_FOR_CARD,08/06/2022 14:35,6,18,252,64,21.0,73,579.0,66,95
08/06/2022 14:28,253,08/06/2022 14:32,253,___N,DOMESTIC,DOMESTIC,WAHR,82,8,66,92,WITHDRAWAL_NATIONAL,CashOutEmv,63,60,6,47,253,56,1.0,40,56,80,OK,556.0,1.0,977.0,298.0,114.0,147.0,72.0,16.0,537.0,246.0,1.0,0.0,0.0,CONTACTLESS_COMMUNICATION_ERROR,CUSTOMER_ENTERING_PIN,08/06/2022 14:30,4,0,253,65,20.0,28,547.0,63,99
08/06/2022 14:31,254,08/06/2022 14:26,254,C23_,DOMESTIC,DOMESTIC,WAHR,4,83,71,14,WITHDRAWAL_NATIONAL,CashOutEmv,27,73,27,74,254,63,1.0,50,85,100,NOK,536.0,1.0,977.0,357.0,114.0,137.0,88.0,2.0,726.0,257.0,0.0,1.0,2.0,CUSTOMER_CANCEL,CUSTOMER_SELECTING_TRANSACTION,08/06/2022 14:31,2,0,254,22,31.0,78,571.0,75,85
08/06/2022 14:31,255,08/06/2022 14:35,255,___N,DOMESTIC,DOMESTIC,WAHR,28,46,72,14,WITHDRAWAL_NATIONAL,CashOutEmv,41,99,37,38,255,73,1.0,62,86,7,CNCL,659.0,1.0,825.0,306.0,116.0,137.0,73.0,0.0,712.0,238.0,1.0,4.0,0.0,CUSTOMER_CANCEL,KIXCLC_READING_AND_CHECKING_CHIP_INFORMATION,08/06/2022 14:28,6,0,255,31,22.0,30,582.0,88,111
08/06/2022 14:31,256,08/06/2022 14:33,256,___N,DOMESTIC,DOMESTIC,WAHR,65,64,5,80,WITHDRAWAL_NATIONAL,CashOutEmv,13,25,35,48,256,36,1.0,43,70,23,OK,663.0,0.0,977.0,357.0,124.0,137.0,59.0,4.0,713.0,257.0,1.0,4.0,2.0,CUSTOMER_CANCEL,WAITING_FOR_CARD,08/06/2022 14:26,6,3,256,18,24.0,45,548.0,40,131
08/06/2022 14:28,257,08/06/2022 14:31,257,C23_,DOMESTIC,DOMESTIC,WAHR,49,20,39,99,WITHDRAWAL_NATIONAL,CashOutEmv,45,26,40,36,257,41,1.0,38,19,40,NOK,540.0,1.0,860.0,298.0,117.0,147.0,60.0,16.0,569.0,243.0,0.0,0.0,1.0,CUSTOMER_CANCEL,CUSTOMER_SELECTING_TRANSACTION,08/06/2022 14:32,2,16,257,25,21.0,74,561.0,19,108
08/06/2022 14:31,258,08/06/2022 14:27,258,___N,DOMESTIC,DOMESTIC,WAHR,49,96,79,63,WITHDRAWAL_NATIONAL,CashOutEmv,48,51,26,93,258,6,1.0,19,43,38,NOK,538.0,0.0,860.0,342.0,117.0,147.0,61.0,2.0,560.0,240.0,1.0,4.0,0.0,CONTACTLESS_COMMUNICATION_ERROR,CUSTOMER_SELECTING_TRANSACTION,08/06/2022 14:30,0,2,258,68,20.0,97,582.0,20,78
08/06/2022 14:33,259,08/06/2022 14:31,259,C23_,DOMESTIC,DOMESTIC,WAHR,87,98,79,43,WITHDRAWAL_NATIONAL,CashOutEmv,56,79,94,25,259,17,1.0,42,70,37,OK,657.0,1.0,825.0,298.0,116.0,147.0,85.0,0.0,717.0,240.0,0.0,1.0,1.0,CUSTOMER_CANCEL,KIXCLC_READING_AND_CHECKING_CHIP_INFORMATION,08/06/2022 14:30,2,0,259,48,21.0,28,567.0,96,76
08/06/2022 14:33,260,08/06/2022 14:32,260,C23_,DOMESTIC,DOMESTIC,WAHR,57,5,41,27,WITHDRAWAL_NATIONAL,CashOutEmv,58,27,76,35,260,31,1.0,98,96,68,CNCL,663.0,0.0,958.0,298.0,115.0,116.0,85.0,2.0,717.0,240.0,0.0,1.0,0.0,CUSTOMER_CANCEL,WAITING_FOR_CARD,08/06/2022 14:28,16,3,260,76,31.0,63,561.0,47,109
08/06/2022 14:32,261,08/06/2022 14:32,261,C23_,DOMESTIC,DOMESTIC,WAHR,80,85,89,87,WITHDRAWAL_NATIONAL,CashOutEmv,17,4,57,71,261,6,1.0,21,86,98,CNCL,540.0,1.0,929.0,298.0,116.0,132.0,72.0,0.0,623.0,269.0,1.0,0.0,2.0,CONTACTLESS_COMMUNICATION_ERROR,KIXCLC_READING_AND_CHECKING_CHIP_INFORMATION,08/06/2022 14:34,16,4,261,50,24.0,61,592.0,95,131
08/06/2022 14:27,262,08/06/2022 14:34,262,C23_,DOMESTIC,DOMESTIC,WAHR,41,24,22,20,WITHDRAWAL_NATIONAL,CashOutEmv,86,85,45,64,262,50,1.0,20,21,86,OK,663.0,1.0,851.0,320.0,116.0,114.0,73.0,2.0,537.0,243.0,1.0,1.0,1.0,CONTACTLESS_COMMUNICATION_ERROR,WAITING_FOR_CARD,08/06/2022 14:35,3,18,262,0,31.0,70,557.0,0,77
08/06/2022 14:32,263,08/06/2022 14:33,263,___N,DOMESTIC,DOMESTIC,WAHR,90,2,89,23,WITHDRAWAL_NATIONAL,CashOutEmv,95,53,80,64,263,16,1.0,90,11,60,NOK,538.0,0.0,831.0,320.0,117.0,114.0,61.0,4.0,560.0,238.0,0.0,0.0,0.0,CONTACTLESS_COMMUNICATION_ERROR,CUSTOMER_SELECTING_TRANSACTION,08/06/2022 14:32,6,4,263,44,20.0,40,592.0,46,131
08/06/2022 14:33,264,08/06/2022 14:31,264,___N,DOMESTIC,DOMESTIC,WAHR,66,71,89,34,WITHDRAWAL_NATIONAL,CashOutEmv,89,23,58,8,264,30,1.0,35,43,49,OK,659.0,0.0,956.0,351.0,116.0,131.0,61.0,16.0,726.0,257.0,1.0,4.0,1.0,CONTACTLESS_COMMUNICATION_ERROR,WAITING_FOR_CARD,08/06/2022 14:33,2,2,264,83,22.0,70,563.0,74,85
08/06/2022 14:28,265,08/06/2022 14:29,265,___N,DOMESTIC,DOMESTIC,WAHR,47,75,19,32,WITHDRAWAL_NATIONAL,CashOutEmv,92,22,23,67,265,28,1.0,27,67,30,OK,671.0,0.0,851.0,291.0,122.0,137.0,72.0,0.0,621.0,257.0,1.0,0.0,0.0,CONTACTLESS_COMMUNICATION_ERROR,WAITING_FOR_CARD,08/06/2022 14:33,6,11,265,54,24.0,85,560.0,12,109
08/06/2022 14:29,266,08/06/2022 14:28,266,___N,DOMESTIC,DOMESTIC,WAHR,17,28,62,65,WITHDRAWAL_NATIONAL,CashOutEmv,77,92,72,6,266,75,1.0,3,96,97,OK,557.0,0.0,860.0,298.0,124.0,106.0,59.0,4.0,560.0,243.0,0.0,1.0,0.0,CONTACTLESS_COMMUNICATION_ERROR,CUSTOMER_SELECTING_TRANSACTION,08/06/2022 14:32,0,18,266,31,20.0,24,563.0,79,77
08/06/2022 14:27,267,08/06/2022 14:35,267,___N,DOMESTIC,DOMESTIC,WAHR,20,95,29,22,WITHDRAWAL_NATIONAL,CashOutEmv,7,43,80,7,267,32,1.0,89,29,91,CNCL,671.0,1.0,929.0,351.0,117.0,106.0,73.0,0.0,560.0,246.0,1.0,0.0,1.0,CUSTOMER_CANCEL,WAITING_FOR_CARD,08/06/2022 14:32,6,3,267,4,21.0,49,562.0,63,85
08/06/2022 14:35,268,08/06/2022 14:35,268,C23_,DOMESTIC,DOMESTIC,WAHR,38,65,9,21,WITHDRAWAL_NATIONAL,CashOutEmv,26,6,18,51,268,89,1.0,7,21,71,CNCL,557.0,1.0,958.0,351.0,115.0,104.0,88.0,2.0,621.0,267.0,1.0,4.0,0.0,CONTACTLESS_COMMUNICATION_ERROR,CUSTOMER_SELECTING_TRANSACTION,08/06/2022 14:26,6,11,268,89,21.0,55,601.0,78,106
08/06/2022 14:31,269,08/06/2022 14:29,269,___N,DOMESTIC,DOMESTIC,WAHR,64,80,11,57,WITHDRAWAL_NATIONAL,CashOutEmv,17,13,74,77,269,38,1.0,4,81,77,NOK,540.0,1.0,851.0,342.0,116.0,116.0,73.0,2.0,537.0,267.0,0.0,1.0,1.0,CONTACTLESS_COMMUNICATION_ERROR,CUSTOMER_SELECTING_TRANSACTION,08/06/2022 14:33,2,5,269,45,22.0,15,560.0,70,63
08/06/2022 14:35,270,08/06/2022 14:28,270,C23_,DOMESTIC,DOMESTIC,WAHR,6,82,99,68,WITHDRAWAL_NATIONAL,CashOutEmv,68,77,15,82,270,29,1.0,4,69,89,OK,557.0,1.0,825.0,306.0,117.0,106.0,60.0,16.0,569.0,245.0,0.0,4.0,1.0,CONTACTLESS_COMMUNICATION_ERROR,WAITING_FOR_CARD,08/06/2022 14:31,0,4,270,92,22.0,11,582.0,19,108
08/06/2022 14:35,271,08/06/2022 14:31,271,___N,DOMESTIC,DOMESTIC,WAHR,22,14,26,45,WITHDRAWAL_NATIONAL,CashOutEmv,43,17,88,17,271,2,1.0,53,91,37,OK,659.0,0.0,831.0,306.0,137.0,106.0,88.0,2.0,726.0,257.0,0.0,0.0,1.0,CONTACTLESS_COMMUNICATION_ERROR,WAITING_FOR_CARD,08/06/2022 14:34,3,3,271,21,24.0,46,571.0,64,107
08/06/2022 14:28,272,08/06/2022 14:30,272,___N,DOMESTIC,DOMESTIC,WAHR,79,21,82,39,WITHDRAWAL_NATIONAL,CashOutEmv,47,40,100,3,272,83,1.0,9,1,31,OK,556.0,1.0,956.0,306.0,142.0,104.0,88.0,2.0,713.0,273.0,0.0,0.0,1.0,CUSTOMER_CANCEL,KIXCLC_READING_AND_CHECKING_CHIP_INFORMATION,08/06/2022 14:35,2,2,272,38,20.0,24,563.0,75,95
08/06/2022 14:26,273,08/06/2022 14:27,273,___N,DOMESTIC,DOMESTIC,WAHR,74,69,72,24,WITHDRAWAL_NATIONAL,CashOutEmv,94,94,64,8,273,76,1.0,68,33,100,OK,557.0,1.0,977.0,351.0,117.0,137.0,72.0,0.0,712.0,243.0,0.0,1.0,2.0,CONTACTLESS_COMMUNICATION_ERROR,CUSTOMER_ENTERING_PIN,08/06/2022 14:35,2,18,273,23,20.0,82,579.0,25,107
08/06/2022 14:35,274,08/06/2022 14:31,274,___N,DOMESTIC,DOMESTIC,WAHR,34,33,1,86,WITHDRAWAL_NATIONAL,CashOutEmv,92,68,3,47,274,18,1.0,33,40,49,CNCL,659.0,1.0,958.0,298.0,115.0,114.0,59.0,0.0,569.0,245.0,1.0,4.0,1.0,CONTACTLESS_COMMUNICATION_ERROR,WAITING_FOR_CARD,08/06/2022 14:34,16,4,274,55,22.0,88,577.0,15,78
08/06/2022 14:27,275,08/06/2022 14:34,275,___N,DOMESTIC,DOMESTIC,WAHR,40,2,99,17,WITHDRAWAL_NATIONAL,CashOutEmv,72,18,90,43,275,64,1.0,49,43,47,CNCL,536.0,1.0,958.0,342.0,132.0,106.0,73.0,2.0,621.0,245.0,0.0,4.0,1.0,CONTACTLESS_COMMUNICATION_ERROR,CUSTOMER_ENTERING_PIN,08/06/2022 14:26,16,3,275,30,31.0,87,557.0,36,63
08/06/2022 14:35,276,08/06/2022 14:29,276,C23_,DOMESTIC,DOMESTIC,WAHR,38,27,46,52,WITHDRAWAL_NATIONAL,CashOutEmv,58,2,20,61,276,41,1.0,74,51,53,NOK,557.0,1.0,831.0,351.0,115.0,147.0,85.0,4.0,560.0,243.0,0.0,0.0,0.0,CUSTOMER_CANCEL,KIXCLC_READING_AND_CHECKING_CHIP_INFORMATION,08/06/2022 14:34,0,11,276,100,22.0,98,563.0,80,77
08/06/2022 14:26,277,08/06/2022 14:31,277,C23_,DOMESTIC,DOMESTIC,WAHR,21,19,55,90,WITHDRAWAL_NATIONAL,CashOutEmv,27,27,47,3,277,22,1.0,23,94,8,NOK,557.0,1.0,860.0,342.0,114.0,104.0,60.0,2.0,569.0,238.0,1.0,1.0,1.0,CONTACTLESS_COMMUNICATION_ERROR,CUSTOMER_SELECTING_TRANSACTION,08/06/2022 14:33,4,5,277,96,22.0,5,981.0,90,95
08/06/2022 14:32,278,08/06/2022 14:34,278,___N,DOMESTIC,DOMESTIC,WAHR,34,15,10,8,WITHDRAWAL_NATIONAL,CashOutEmv,6,8,62,44,278,17,1.0,57,82,18,OK,663.0,0.0,851.0,306.0,115.0,114.0,84.0,16.0,717.0,245.0,0.0,4.0,0.0,CUSTOMER_CANCEL,CUSTOMER_SELECTING_TRANSACTION,08/06/2022 14:30,6,5,278,43,21.0,78,593.0,41,79
08/06/2022 14:26,279,08/06/2022 14:30,279,___N,DOMESTIC,DOMESTIC,WAHR,32,71,74,5,WITHDRAWAL_NATIONAL,CashOutEmv,7,79,97,75,279,42,1.0,96,54,84,NOK,659.0,0.0,958.0,298.0,137.0,106.0,88.0,4.0,560.0,245.0,1.0,0.0,1.0,CUSTOMER_CANCEL,WAITING_FOR_CARD,08/06/2022 14:26,2,2,279,100,22.0,31,567.0,33,106
08/06/2022 14:30,280,08/06/2022 14:27,280,C23_,DOMESTIC,DOMESTIC,WAHR,42,29,24,97,WITHDRAWAL_NATIONAL,CashOutEmv,53,51,24,49,280,4,1.0,77,79,25,OK,663.0,1.0,851.0,357.0,116.0,137.0,88.0,0.0,560.0,246.0,1.0,0.0,2.0,CONTACTLESS_COMMUNICATION_ERROR,CUSTOMER_ENTERING_PIN,08/06/2022 14:26,0,4,280,15,31.0,57,568.0,78,63
08/06/2022 14:34,281,08/06/2022 14:33,281,C23_,DOMESTIC,DOMESTIC,WAHR,44,35,95,86,WITHDRAWAL_NATIONAL,CashOutEmv,26,87,82,50,281,4,1.0,21,51,39,CNCL,641.0,0.0,977.0,312.0,114.0,132.0,85.0,0.0,713.0,257.0,0.0,0.0,0.0,CONTACTLESS_COMMUNICATION_ERROR,WAITING_FOR_CARD,08/06/2022 14:33,16,2,281,28,21.0,39,567.0,6,79
08/06/2022 14:30,282,08/06/2022 14:34,282,___N,DOMESTIC,DOMESTIC,WAHR,99,97,43,82,WITHDRAWAL_NATIONAL,CashOutEmv,75,47,40,10,282,18,1.0,92,45,93,CNCL,657.0,0.0,958.0,291.0,126.0,114.0,73.0,2.0,712.0,238.0,1.0,4.0,0.0,CUSTOMER_CANCEL,CUSTOMER_ENTERING_PIN,08/06/2022 14:31,2,5,282,9,21.0,54,592.0,99,77
08/06/2022 14:29,283,08/06/2022 14:27,283,___N,DOMESTIC,DOMESTIC,WAHR,41,48,91,10,WITHDRAWAL_NATIONAL,CashOutEmv,37,63,9,43,283,69,1.0,23,93,2,CNCL,540.0,0.0,956.0,357.0,122.0,137.0,88.0,2.0,726.0,238.0,1.0,4.0,2.0,CONTACTLESS_COMMUNICATION_ERROR,CUSTOMER_SELECTING_TRANSACTION,08/06/2022 14:26,0,2,283,38,31.0,81,576.0,36,63
08/06/2022 14:29,284,08/06/2022 14:28,284,___N,DOMESTIC,DOMESTIC,WAHR,27,49,13,62,WITHDRAWAL_NATIONAL,CashOutEmv,93,30,72,79,284,14,1.0,5,4,50,NOK,663.0,0.0,860.0,351.0,142.0,106.0,60.0,16.0,717.0,246.0,0.0,0.0,1.0,CONTACTLESS_COMMUNICATION_ERROR,KIXCLC_READING_AND_CHECKING_CHIP_INFORMATION,08/06/2022 14:33,0,4,284,77,31.0,62,568.0,86,108
08/06/2022 14:34,285,08/06/2022 14:27,285,___N,DOMESTIC,DOMESTIC,WAHR,48,80,78,29,WITHDRAWAL_NATIONAL,CashOutEmv,49,13,71,91,285,10,1.0,61,56,81,OK,663.0,1.0,942.0,306.0,115.0,137.0,84.0,2.0,569.0,257.0,0.0,0.0,2.0,CONTACTLESS_COMMUNICATION_ERROR,WAITING_FOR_CARD,08/06/2022 14:28,3,4,285,26,21.0,98,567.0,26,111
08/06/2022 14:34,286,08/06/2022 14:27,286,C23_,DOMESTIC,DOMESTIC,WAHR,10,56,55,11,WITHDRAWAL_NATIONAL,CashOutEmv,20,92,92,62,286,50,1.0,2,48,97,NOK,663.0,0.0,825.0,312.0,132.0,132.0,59.0,16.0,717.0,246.0,0.0,4.0,2.0,CONTACTLESS_COMMUNICATION_ERROR,KIXCLC_READING_AND_CHECKING_CHIP_INFORMATION,08/06/2022 14:28,0,3,286,67,21.0,40,561.0,27,99
08/06/2022 14:33,287,08/06/2022 14:33,287,C23_,DOMESTIC,DOMESTIC,WAHR,68,63,5,30,WITHDRAWAL_NATIONAL,CashOutEmv,93,46,41,99,287,93,1.0,0,20,3,OK,536.0,1.0,929.0,298.0,117.0,131.0,73.0,0.0,621.0,243.0,1.0,1.0,2.0,CONTACTLESS_COMMUNICATION_ERROR,KIXCLC_READING_AND_CHECKING_CHIP_INFORMATION,08/06/2022 14:26,16,18,287,39,21.0,0,981.0,59,84
08/06/2022 14:26,288,08/06/2022 14:31,288,C23_,DOMESTIC,DOMESTIC,WAHR,17,88,23,71,WITHDRAWAL_NATIONAL,CashOutEmv,56,14,19,82,288,83,1.0,9,16,26,NOK,536.0,0.0,942.0,312.0,115.0,137.0,73.0,2.0,717.0,269.0,0.0,1.0,0.0,CUSTOMER_CANCEL,CUSTOMER_SELECTING_TRANSACTION,08/06/2022 14:32,0,16,288,99,31.0,19,560.0,75,107
08/06/2022 14:29,289,08/06/2022 14:26,289,C23_,DOMESTIC,DOMESTIC,WAHR,3,58,42,58,WITHDRAWAL_NATIONAL,CashOutEmv,61,46,86,62,289,34,1.0,71,53,53,CNCL,538.0,1.0,956.0,332.0,117.0,116.0,63.0,16.0,562.0,269.0,1.0,4.0,2.0,CUSTOMER_CANCEL,CUSTOMER_SELECTING_TRANSACTION,08/06/2022 14:32,4,3,289,24,20.0,27,579.0,31,106
08/06/2022 14:34,290,08/06/2022 14:30,290,C23_,DOMESTIC,DOMESTIC,WAHR,94,5,49,94,WITHDRAWAL_NATIONAL,CashOutEmv,55,45,67,35,290,3,1.0,29,85,88,NOK,536.0,1.0,942.0,320.0,142.0,104.0,72.0,2.0,537.0,257.0,0.0,4.0,0.0,CUSTOMER_CANCEL,CUSTOMER_SELECTING_TRANSACTION,08/06/2022 14:33,6,11,290,99,24.0,92,981.0,3,109
08/06/2022 14:33,291,08/06/2022 14:27,291,C23_,DOMESTIC,DOMESTIC,WAHR,87,51,75,42,WITHDRAWAL_NATIONAL,CashOutEmv,92,97,78,85,291,8,1.0,21,66,63,CNCL,641.0,0.0,831.0,312.0,117.0,147.0,84.0,4.0,726.0,238.0,0.0,0.0,1.0,CONTACTLESS_COMMUNICATION_ERROR,CUSTOMER_SELECTING_TRANSACTION,08/06/2022 14:28,3,0,291,25,24.0,5,981.0,99,78
08/06/2022 14:33,292,08/06/2022 14:27,292,___N,DOMESTIC,DOMESTIC,WAHR,29,61,56,85,WITHDRAWAL_NATIONAL,CashOutEmv,23,4,66,28,292,90,1.0,80,20,94,OK,663.0,0.0,956.0,306.0,116.0,106.0,73.0,0.0,623.0,245.0,0.0,1.0,1.0,CONTACTLESS_COMMUNICATION_ERROR,CUSTOMER_ENTERING_PIN,08/06/2022 14:27,6,3,292,100,22.0,25,563.0,13,63
08/06/2022 14:27,293,08/06/2022 14:32,293,___N,DOMESTIC,DOMESTIC,WAHR,30,83,43,71,WITHDRAWAL_NATIONAL,CashOutEmv,57,10,87,59,293,82,1.0,78,56,57,CNCL,556.0,1.0,942.0,342.0,132.0,147.0,63.0,2.0,713.0,240.0,0.0,0.0,1.0,CUSTOMER_CANCEL,KIXCLC_READING_AND_CHECKING_CHIP_INFORMATION,08/06/2022 14:35,2,18,293,73,31.0,67,557.0,95,106
08/06/2022 14:34,294,08/06/2022 14:32,294,C23_,DOMESTIC,DOMESTIC,WAHR,75,17,24,25,WITHDRAWAL_NATIONAL,CashOutEmv,9,63,24,97,294,68,1.0,83,24,65,NOK,536.0,1.0,825.0,291.0,117.0,137.0,88.0,4.0,712.0,238.0,1.0,4.0,0.0,CONTACTLESS_COMMUNICATION_ERROR,WAITING_FOR_CARD,08/06/2022 14:31,3,11,294,24,21.0,6,563.0,14,106
08/06/2022 14:30,295,08/06/2022 14:26,295,C23_,DOMESTIC,DOMESTIC,WAHR,66,45,81,54,WITHDRAWAL_NATIONAL,CashOutEmv,0,18,84,89,295,7,1.0,37,43,82,OK,557.0,0.0,977.0,357.0,115.0,116.0,85.0,4.0,560.0,257.0,0.0,0.0,2.0,CONTACTLESS_COMMUNICATION_ERROR,CUSTOMER_ENTERING_PIN,08/06/2022 14:30,3,0,295,88,20.0,20,557.0,63,79
08/06/2022 14:33,296,08/06/2022 14:28,296,C23_,DOMESTIC,DOMESTIC,WAHR,93,96,21,83,WITHDRAWAL_NATIONAL,CashOutEmv,19,100,35,74,296,93,1.0,90,84,71,NOK,540.0,1.0,977.0,291.0,117.0,147.0,85.0,16.0,712.0,243.0,0.0,1.0,0.0,CUSTOMER_CANCEL,WAITING_FOR_CARD,08/06/2022 14:29,0,3,296,17,22.0,10,592.0,43,99
08/06/2022 14:26,297,08/06/2022 14:29,297,C23_,DOMESTIC,DOMESTIC,WAHR,60,62,94,25,WITHDRAWAL_NATIONAL,CashOutEmv,71,72,46,1,297,35,1.0,76,63,43,NOK,538.0,1.0,860.0,357.0,137.0,137.0,88.0,2.0,712.0,246.0,1.0,0.0,1.0,CONTACTLESS_COMMUNICATION_ERROR,CUSTOMER_SELECTING_TRANSACTION,08/06/2022 14:35,4,4,297,34,22.0,1,561.0,18,99
08/06/2022 14:30,298,08/06/2022 14:33,298,___N,DOMESTIC,DOMESTIC,WAHR,7,22,18,45,WITHDRAWAL_NATIONAL,CashOutEmv,50,58,32,21,298,79,1.0,79,15,69,NOK,671.0,1.0,958.0,320.0,117.0,137.0,88.0,16.0,560.0,238.0,1.0,0.0,2.0,CUSTOMER_CANCEL,WAITING_FOR_CARD,08/06/2022 14:33,0,18,298,63,21.0,39,570.0,10,79
08/06/2022 14:35,299,08/06/2022 14:35,299,___N,DOMESTIC,DOMESTIC,WAHR,51,97,63,3,WITHDRAWAL_NATIONAL,CashOutEmv,38,73,34,25,299,46,1.0,83,97,58,CNCL,663.0,1.0,942.0,312.0,126.0,131.0,84.0,0.0,621.0,245.0,1.0,0.0,0.0,CONTACTLESS_COMMUNICATION_ERROR,CUSTOMER_ENTERING_PIN,08/06/2022 14:31,16,4,299,58,31.0,21,592.0,58,76
